context,code,display_changed,pc_trace,after_display
idle_after_file_loaded,00,false,007CFC|F88122|F8836E|62BCC0|00E696|007D36|F8833A|F884C4,"FILE L0ADED           "
idle_after_file_loaded,01,false,F8836E|007816|F8836A|007D36|0000A0|F97680|0077DC|00E692,"FILE L0ADED           "
idle_after_file_loaded,02,false,F8836A|00E6A0|F88138|F8836E|007CF4|00E69C|F88366|F8DB78,"FILE L0ADED           "
idle_after_file_loaded,03,true,F8836C|F976F6|FFB0E0|FFB278|F8853A|F8FF3A|F8807E|F8FF50,"JM DIGI 5YN  ?0LUME?99"
idle_after_file_loaded,04,false,F88332|007D10|0000A0|F88334|62BC86|F9772A|F92FEC|F89180,"JM DIGI 5YN  ?0LUME?99"
idle_after_file_loaded,05,true,F88334|007814|F88332|007D0C|0069B8|F8816E|FFB3AC|F884C4,"JM DIGI  LYR?1  W5?ALL"
idle_after_file_loaded,06,true,F88336|007D04|F88332|F8DA8C|00E692|FC60B2|F88334|00C6FA,"CREATE NEW IN5TRUMENT "
idle_after_file_loaded,07,true,F8832E|F97794|FC60B6|F88334|0069DE|F88122|F88332|0077DA,"FX?IN5T   CH0R?RE??DDL"
idle_after_file_loaded,08,false,F8836E|0069BE|F8812A|F88368|00781C|F97724|F8DB7E|0077F4,"FX?IN5T   CH0R?RE??DDL"
idle_after_file_loaded,09,true,F8836A|0077DA|0069BE|F8836C|F8810E|007816|F977A2|F8DB32,"5A?E BANK EFFECT      "
idle_after_file_loaded,0A,true,F88334|F8815A|002B86|F89A56|F89A76|FFB3D4|007CF6|F8832A,"C0PY CURRENT EFFECT   "
idle_after_file_loaded,0B,true,F88332|007204|000028|007D36|FFB172|F88334|00E694|002B8C,"5A?E BANK EFFECT      "
idle_after_file_loaded,0C,true,F88364|0077DA|007D30|F87FD2|F88330|FFA254|F882CE|0000A4,"QUANTIZE TRACK        "
idle_after_file_loaded,0D,true,F88332|F8DB40|F88336|F88118|00781A|F977B0|F884C4|F880A6,"C0PY TRACK            "
idle_after_file_loaded,0E,false,F88364|007800|F88332|F8DB70|0077F0|FFA252|F882CC|FFB0DA,"C0PY TRACK            "
idle_after_file_loaded,0F,true,F8832E|F9778E|0069C0|F88364|F8810C|F88332|F8DB7E|F88334,"CREATE NEW IN5TRUMENT "
idle_after_file_loaded,10,true,F88336|007814|007D36|F88332|FFA25E|F882D2|F88364|F87FD2,"IMP0RT N0N-A5R 50UND5 "
idle_after_file_loaded,11,true,F88332|F880B0|F8DB4A|F8836C|F87FD2|007CFA|F8836A|F97676,"CREATE NEW IN5TRUMENT "
idle_after_file_loaded,12,true,F88334|0077F4|F8816E|0030AE|F884C4|F88368|00C9C8|F89A94,"N0 C0MMAND5 0N PAGE   "
idle_after_file_loaded,13,false,F88332|012FBC|F97706|F88334|F880B6|F88122|F88330|F8DAA8,"N0 C0MMAND5 0N PAGE   "
idle_after_file_loaded,14,false,F88366|007816|0077EE|F88332|FFA258|F882CE|007CF4|F87FD2,"N0 C0MMAND5 0N PAGE   "
idle_after_file_loaded,15,true,F88332|007D36|F88334|0077E2|00781A|F977B0|F8DB46|F880AA,"CREATE NEW 5EQUENCE   "
idle_after_file_loaded,16,false,F88364|F88116|F88332|F8DB32|0069DE|007202|F976FE|007D36,"CREATE NEW 5EQUENCE   "
idle_after_file_loaded,17,false,F88332|012FC0|F97712|F88338|007818|0077EA|F8832E|007CFA,"CREATE NEW 5EQUENCE   "
idle_after_file_loaded,18,true,007CF4|F88332|0071EA|F97724|F8DB4A|F88334|0077FE|007D04,"5A?E 50NG ? ALL 5EQ5  "
idle_after_file_loaded,19,true,007CF4|F88080|FFB8DE|F89A90|F88334|F893B0|F87F5E|F89ABC,"N0 C0MMAND5 0N PAGE   "
idle_after_file_loaded,1A,true,0077EC|F88330|007CFC|F884C4|002B60|003078|F8A7F6|F89A7E,"JM DIGI 5YN  ?0LUME?99"
idle_after_file_loaded,1B,true,F88334|007D10|F88332|0069A6|FFB0DE|F89A5E|F89A98|01334A,"N0 DI5K DIRECT0RIE5   "
idle_after_file_loaded,1C,false,F8810A|F88334|62BCA8|0069DE|0077E0|F88332|F87FD2|007816,"N0 DI5K DIRECT0RIE5   "
idle_after_file_loaded,1D,false,F88126|F88332|00E69E|F88130|F88334|62BC88|F88116|F88122,"N0 DI5K DIRECT0RIE5   "
idle_after_file_loaded,1E,false,F8836E|0069C2|007CF6|F8833C|F88116|62BCBA|00E690|0077E2,"N0 DI5K DIRECT0RIE5   "
idle_after_file_loaded,1F,true,007816|F8836A|007CF4|0069BC|00009C|0077E6|F88368|00E696,"N0 5UCH FILE          "
idle_after_file_loaded,20,true,002B4C|FFB2DC|F89A90|FF88EA|F87F52|F8836E|00721A|0077F2,"REC 5RC?INPUTDRY LEFT "
idle_after_file_loaded,21,true,00E694|0077E6|F8833C|FFB398|F8808E|F884C4|00330E|F89A72,"N0 C0MMAND5 0N PAGE   "
idle_after_file_loaded,22,false,F8DBC0|F8836E|0069BE|00E69E|F8836A|F8DB84|F89184|F8815E,"N0 C0MMAND5 0N PAGE   "
idle_after_file_loaded,23,false,F8836A|007CFA|0069BC|F8836E|F88122|FFB172|F89356|F89A76,"N0 C0MMAND5 0N PAGE   "
idle_after_file_loaded,24,true,00E692|F8836E|F882CC|F8836A|007CFA|F88118|F8836C|00009C,"CREATE NEW WA?E5AMPLE "
idle_after_file_loaded,25,true,F88332|00E6A0|F88132|F88364|62BC88|F88116|00E690|00696A,"BIDIRECTI0NAL X-FADE  "
idle_after_file_loaded,26,false,0068F6|F88334|0077DA|F88330|F8DB40|F88138|F88364|62BC88,"BIDIRECTI0NAL X-FADE  "
idle_after_file_loaded,27,false,F884C4|0077E6|F88332|0077DA|0069B0|F88364|007CFA|F88134,"BIDIRECTI0NAL X-FADE  "
idle_after_file_loaded,28,false,F88364|F976F4|FFB0D6|FFB0E0|007D02|F88330|F8812A|F88334,"BIDIRECTI0NAL X-FADE  "
idle_after_file_loaded,29,false,00780C|007D36|F8836A|0077DA|F8DBC0|F8836C|00721E|00E672,"BIDIRECTI0NAL X-FADE  "
idle_after_file_loaded,2A,false,F88122|F8836E|F8810A|0077E6|F8836A|00E69C|F87FD2|F88134,"BIDIRECTI0NAL X-FADE  "
idle_after_file_loaded,2B,false,0077E0|F8833A|F8836E|F87FD2|F8836A|007CFC|F8DB30|007D36,"BIDIRECTI0NAL X-FADE  "
idle_after_file_loaded,2C,false,F88136|F8836E|62BC92|F88126|0069DC|007CF6|F88368|00E696,"BIDIRECTI0NAL X-FADE  "
idle_after_file_loaded,2D,false,F87FD2|F88368|0077E2|F8812A|F8836E|FF8032|00780C|007D36,"BIDIRECTI0NAL X-FADE  "
idle_after_file_loaded,2E,false,FFB396|FFB0D0|F8836E|007814|F88368|007D0E|F88126|F8836C,"BIDIRECTI0NAL X-FADE  "
idle_after_file_loaded,2F,false,F88122|007D02|F88366|007CF4|0069AC|F8836E|006982|F8833A,"BIDIRECTI0NAL X-FADE  "
idle_after_file_loaded,30,false,F8836E|F9767A|0077DA|FFB172|F8836A|0069A2|0069E4|007CFA,"BIDIRECTI0NAL X-FADE  "
idle_after_file_loaded,31,false,F8812A|F87FD2|F8836A|0077E0|F88138|F8836E|62BC9A|F88368,"BIDIRECTI0NAL X-FADE  "
idle_after_file_loaded,32,false,007810|F87FD2|F8836E|F8833A|00E6A0|0069BC|F8836A|62BCA8,"BIDIRECTI0NAL X-FADE  "
idle_after_file_loaded,33,false,007D0E|F8836A|00E69C|F8810A|F8836E|007818|007CF6|F97670,"BIDIRECTI0NAL X-FADE  "
idle_after_file_loaded,34,false,F8836C|F9766A|007D30|007CFC|F88366|F8836E|007816|007D00,"BIDIRECTI0NAL X-FADE  "
idle_after_file_loaded,35,false,007CFA|F8833C|F8836E|F97670|F8836A|007CF4|F88138|F8836C,"BIDIRECTI0NAL X-FADE  "
idle_after_file_loaded,36,false,0069AA|F8836E|00E692|F88368|F8DB74|007812|F976F2|F8811A,"BIDIRECTI0NAL X-FADE  "
idle_after_file_loaded,37,false,007D30|F88368|0077D6|F8812E|F884C4|F8836C|0077E0|F8836A,"BIDIRECTI0NAL X-FADE  "
idle_after_file_loaded,38,false,F8836E|F976F6|F8836A|007D30|FC60B6|007D36|00E696|F88368,"BIDIRECTI0NAL X-FADE  "
idle_after_file_loaded,39,false,007D36|F8836A|0077DA|F88136|F8836E|62BC92|F88126|0069DC,"BIDIRECTI0NAL X-FADE  "
idle_after_file_loaded,3A,false,F88122|F8836E|F87FD2|F88368|007D0E|0069B4|F9767A|00E698,"BIDIRECTI0NAL X-FADE  "
idle_after_file_loaded,3B,false,0077E0|F88368|00E696|F8836E|F8836A|007CFC|F88118|62BCBC,"BIDIRECTI0NAL X-FADE  "
idle_after_file_loaded,3C,false,F8836E|F97666|F88110|007CF4|F8833A|007814|00E6A0|F88368,"BIDIRECTI0NAL X-FADE  "
idle_after_file_loaded,3D,false,0069C2|007CF6|FFB172|F88368|0000A0|F8836E|F97680|0077DC,"BIDIRECTI0NAL X-FADE  "
idle_after_file_loaded,3E,false,00009C|F8836E|007D0E|F88368|007D30|F8812A|FF8032|F88116,"BIDIRECTI0NAL X-FADE  "
idle_after_file_loaded,3F,false,0077DA|F8833A|F8DA5E|F88134|F8836E|00E696|F884C4|007CF4,"BIDIRECTI0NAL X-FADE  "
rec_src,00,false,00E694|00780C|F8836E|007814|F87FD2|F8836A|007CFA|F882D2,"REC 5RC?INPUTDRY LEFT "
rec_src,01,false,FFA252|F9778E|F87FD2|F8836A|0077E0|F88FD6|F8836C|00E6A0,"REC 5RC?INPUTDRY LEFT "
rec_src,02,false,F8836C|0077DA|F88368|F8DB70|FF8BC2|007804|62BC94|F88126,"REC 5RC?INPUTDRY LEFT "
rec_src,03,false,00E696|F88368|007CF6|F97796|00009C|F8836E|F88126|0069DC,"REC 5RC?INPUTDRY LEFT "
rec_src,04,false,F88FDA|F8816E|F8836C|007806|F88368|0069B6|F8836E|007818,"REC 5RC?INPUTDRY LEFT "
rec_src,05,true,007D36|F88364|F88FD0|F88334|007D04|FF87F4|FF9652|F89A98,"JM DIGI  LYR?1  W5?ALL"
rec_src,06,true,F87FD2|00009C|F88368|007810|F8DB70|F8833E|00780A|01303E,"BIDIRECTI0NAL X-FADE  "
rec_src,07,true,FFB282|F8836C|F90894|F89A9A|62BCAE|F884C4|00E696|FFB3FC,"FX?IN5T   CH0R?RE??DDL"
rec_src,08,false,F88FD4|F88134|F88366|007D0C|F88138|F8836E|F88FD6|0077F4,"REC 5RC?INPUTDRY LEFT "
rec_src,09,true,007D36|F88336|F88FD0|FF8CC2|0077D6|F88334|007CF6|F88364,"5A?E BANK EFFECT      "
rec_src,0A,false,00E692|00780C|F88366|004326|005B46|F89A66|0000A8|F88328,"REC 5RC?INPUTDRY LEFT "
rec_src,0B,false,F88122|F8836E|00E696|F8836A|F882D2|F88130|FFB282|F8836C,"REC 5RC?INPUTDRY RIGHT"
rec_src,0C,true,F88FD6|0077E8|FF8CC4|0077D0|F88368|F8DB78|0069BC|F8836E,"C0PY AUDI0 TRACK      "
rec_src,0D,true,007818|F8DB7E|F87FD2|F8836C|002B60|FF8CD0|F893AA|F884D0,"N0 C0MMAND5 0N PAGE   "
rec_src,0E,false,F88122|0077E8|F8836A|F97794|00009C|F8836E|006982|F8810A,"REC 5RC?INPUTDRY LEFT "
rec_src,0F,true,F87FD2|007CF4|F88334|007806|F8810C|F8811A|F88364|F8B328,"CREATE NEW IN5TRUMENT "
rec_src,10,false,F8836E|00308C|00601C|F89A8A|F89A90|004852|F8DB74|007818,"REC 5RC?INPUTDRY LEFT "
rec_src,11,true,F87FD2|F88368|007D36|0069AA|F8836A|0069FC|007CF6|F88366,"PICK 5AMPLE IN5TRUMENT"
rec_src,12,true,F8836E|F88112|F88368|007CFA|00780E|F8810E|F9767A|F8812A,"N0 C0MMAND5 0N PAGE   "
rec_src,13,true,F8811A|F8833A|F97778|F88FDA|F884C4|FF89BA|0000A8|F893AA,"N0 C0MMAND5 0N PAGE   "
rec_src,14,false,F88138|F8836C|F88116|007CFA|F8836A|007D36|F8810A|002F2A,"REC 5RC?INPUTDRY LEFT "
rec_src,15,true,F88364|01301C|00E654|007D04|00009C|F88334|F8917C|00C9B6,"5A?E 50NG ? ALL 5EQ5  "
rec_src,16,false,007CF4|F88368|F884C4|002EFE|0069AC|F8836C|006956|F88122,"REC 5RC?INPUTDRY LEFT "
rec_src,17,false,F97698|F88126|F88364|0077D6|F88366|F88110|F88338|FFB0DC,"REC 5RC?INPUTDRY LEFT "
rec_src,18,true,F88FD6|007D36|F8810A|F8836A|007810|F8836E|013012|00E648,"EDIT PITCH TABLE      "
rec_src,19,true,F8836E|F882D2|F880B4|F8A7E2|F89A7A|F89A76|007810|F88368,"N0 C0MMAND5 0N PAGE   "
rec_src,1A,true,F88126|0077F0|F88368|F8833E|007818|F8836A|F882D2|FFB2DC,"ATRK-A LEFT  ?0LUME?6?"
rec_src,1B,true,006954|F8836E|F88FD4|007CF4|FF8CD4|007828|F8836A|0077E2,"F0RMAT FL0PPY DI5K    "
rec_src,1C,false,F8812A|0077F2|F88368|007D30|007D36|F8836E|00780C|F8836A,"REC 5RC?INPUTDRY LEFT "
rec_src,1D,false,007D00|F88336|007CF6|F88364|F882D2|F88334|0077DA|F8F36A,"REC 5RC?INPUTDRY LEFT "
rec_src,1E,true,F97796|0069AA|F8836C|0077F8|F8836A|00E696|F8836E|00780C,"N0RMALIZE GAIN        "
rec_src,1F,true,F8810E|F8836A|007D36|F88FDA|0069B2|F8816E|F89A72|F893AA,"CLEAR DATA            "
rec_src,20,false,F8812A|F8836E|FF8032|F8810E|007CF4|F8836A|007818|0000A0,"REC 5RC?INPUTDRY LEFT "
rec_src,21,true,F87FD2|00780C|F88366|007810|0069AA|F8836E|007800|F8833C,"CLEAR DATA            "
rec_src,22,false,F88FDA|F8836E|FF8CBC|F88138|FFB282|F8836A|00009C|F8DB7E,"REC 5RC?INPUTDRY LEFT "
rec_src,23,true,0069B6|F88334|F88FCE|007D30|F87FD2|007806|F88332|F882D2,"WAITING...?28 5EC LEFT"
rec_src,24,false,013024|00E68E|F88332|007CF4|0069E2|F88338|0077F4|007810,"WAITING...?28 5EC LEFT"
rec_src,25,false,F88138|F88364|007818|007D36|F88332|F8DB6A|FFBFD2|0069AC,"WAITING...?28 5EC LEFT"
rec_src,26,false,F88FCE|007CF4|F88122|F88332|0077DA|F97696|F88114|F88334,"WAITING...?28 5EC LEFT"
rec_src,27,false,007D36|F88336|F88118|F88332|007CF4|0069E2|F88364|0069DC,"WAITING...?28 5EC LEFT"
rec_src,28,false,00780C|007D36|F88332|F88126|F8812A|F88334|6557DE|F88116,"WAITING...?28 5EC LEFT"
rec_src,29,false,F882D2|F88334|F88FCE|007CFA|F88332|007D0C|0069BC|F88364,"WAITING...?28 5EC LEFT"
rec_src,2A,false,FFB0D4|FFB2DC|00009C|F88332|FC60B2|F88334|F88122|013010,"WAITING...?28 5EC LEFT"
rec_src,2B,false,0069AC|F88334|F976FA|007CF6|0069BA|F88338|007D30|F88332,"WAITING...?28 5EC LEFT"
rec_src,2C,false,F88FCC|0077FA|F88116|F88330|00E694|F8812A|F88334|F88FCE,"WAITING...?28 5EC LEFT"
rec_src,2D,false,F884C4|F88364|013026|00E68E|F88330|F8DB40|007D36|F88334,"WAITING...?28 5EC LEFT"
rec_src,2E,false,007818|F88116|F88332|F88338|FFB0D6|FFB20C|F88122|F88334,"WAITING...?28 5EC LEFT"
rec_src,2F,false,0069BC|F88334|F88FCE|007D36|007D02|F8832E|F97776|F88130,"WAITING...?28 5EC LEFT"
rec_src,30,false,013020|00E674|F88332|007D30|F8DB78|F88334|F8812A|0077EA,"WAITING...?28 5EC LEFT"
rec_src,31,false,F88126|F88336|007816|F8810C|F88332|F87FD2|F884C4|F88364,"WAITING...?28 5EC LEFT"
rec_src,32,false,F88FCE|007D10|007CFA|F88332|007CFC|F882D2|0068FC|F88364,"WAITING...?28 5EC LEFT"
rec_src,33,false,00E692|F88334|0069C2|F88126|F88330|007810|F8DB3E|012FC2,"WAITING...?28 5EC LEFT"
rec_src,34,false,0077F4|F88332|F88136|F88334|6557A8|F88118|F87FD2|007CF2,"WAITING...?28 5EC LEFT"
rec_src,35,false,F9771E|F8812E|F88364|F88FCE|007D36|00780C|F8832E|007818,"WAITING...?28 5EC LEFT"
rec_src,36,false,0077F2|F88330|F8DB46|0069FC|F88334|0069E2|FF8CC4|00E66C,"WAITING...?28 5EC LEFT"
rec_src,37,false,007810|F87FD2|F88364|F9766C|F8811A|F88332|F8DB88|F88118,"WAITING...?28 5EC LEFT"
rec_src,38,false,F88FCE|0077E2|F88332|F8DB40|F8812A|F88336|F88FCC|007D36,"WAITING...?28 5EC LEFT"
rec_src,39,false,F8DB46|FFB282|F88334|F88122|012FC0|F97712|F88332|007812,"WAITING...?28 5EC LEFT"
rec_src,3A,false,007CF6|F88332|0069B4|F88364|0069E2|00780C|F88330|F8810E,"WAITING...?28 5EC LEFT"
rec_src,3B,false,F8812A|F88336|F88FCE|0000A0|F88330|0077DC|F976F4|F88364,"WAITING...?28 5EC LEFT"
rec_src,3C,false,0069C2|01301E|00E668|F88332|0077E6|F88334|F88112|FC60B6,"WAITING...?28 5EC LEFT"
rec_src,3D,false,F88334|007D04|F88330|F88122|FFB282|6557CC|0069E2|007CF2,"WAITING...?28 5EC LEFT"
rec_src,3E,false,F88FCC|0077F2|F88110|F88330|F882D2|F88334|F88FCE|007CF6,"WAITING...?28 5EC LEFT"
rec_src,3F,false,F8DB40|F88334|0077D6|F88332|007CFC|F88336|F8812A|01301C,"WAITING...?28 5EC LEFT"
