slot,ram_addr,abs_w_form,os_offset,disk_offset,V161_kind,V161_target,V350_kind,V350_target,samma,ROM_anrop,V161_OS_anrop,V350_OS_anrop
0,$00801E,$801E.w,0x0761E,0x0A61E,jmp.l,$007144,jmp.l,$0071C6,nej,13,0,1
1,$008024,$8024.w,0x07624,0x0A624,jmp.l,$F97718,jmp.l,$F97718,JA,0,0,1
2,$00802A,$802A.w,0x0762A,0x0A62A,jmp.l,$F9772A,jmp.l,$F9772A,JA,13,0,2
3,$008030,$8030.w,0x07630,0x0A630,jmp.l,$F97662,jmp.l,$F97662,JA,203,0,2
4,$008036,$8036.w,0x07636,0x0A636,jmp.l,$F976CA,jmp.l,$F976CA,JA,13,0,2
5,$00803C,$803C.w,0x0763C,0x0A63C,jmp.l,$F977DC,jmp.l,$F977DC,JA,0,0,1
6,$008042,$8042.w,0x07642,0x0A642,jmp.l,$FB7788,jmp.l,$FB7788,JA,35,0,0
7,$008638,$8638.w,0x07C38,0x0AC38,jmp.l,$F88300,jmp.l,$013FD0,nej,1,0,0
8,$00863E,$863E.w,0x07C3E,0x0AC3E,jmp.l,$F88438,jmp.l,$F88438,JA,1,0,0
9,$008644,$8644.w,0x07C44,0x0AC44,jmp.l,$009D60,jmp.l,$00B008,nej,17,10,33
10,$00864A,$864A.w,0x07C4A,0x0AC4A,jmp.l,$009DA4,jmp.l,$00B04C,nej,7,8,25
11,$0086D0,$86D0.w,0x07CD0,0x0ACD0,jmp.l,$F885C6,jmp.l,$F885C6,JA,5,0,0
12,$0086D6,$86D6.w,0x07CD6,0x0ACD6,jmp.l,$F88784,jmp.l,$F88784,JA,4,0,0
13,$0086DC,$86DC.w,0x07CDC,0x0ACDC,jmp.l,$F8855E,jmp.l,$F8855E,JA,12,2,2
14,$0086E2,$86E2.w,0x07CE2,0x0ACE2,jmp.l,$F88512,jmp.l,$F88512,JA,0,1,1
15,$0086E8,$86E8.w,0x07CE8,0x0ACE8,jmp.l,$F8854A,jmp.l,$F8854A,JA,0,2,2
16,$0086EE,$86EE.w,0x07CEE,0x0ACEE,jmp.l,$F88818,jmp.l,$F88818,JA,3,0,0
17,$0086F4,$86F4.w,0x07CF4,0x0ACF4,jmp.w,$FFA280,jmp.w,$FFA280,JA,1,0,0
18,$00877E,$877E.w,0x07D7E,0x0AD7E,jmp.l,$F889B2,jmp.l,$F889B2,JA,1,0,0
19,$008784,$8784.w,0x07D84,0x0AD84,jmp.w,$FFB4A0,jmp.w,$FFB488,nej,1,0,0
20,$008788,$8788.w,0x07D88,0x0AD88,jmp.w,$FFB456,jmp.w,$FFB43E,nej,1,0,0
21,$00878C,$878C.w,0x07D8C,0x0AD8C,jmp.w,$FFA290,jmp.w,$FFA290,JA,1,0,0
22,$008790,$8790.w,0x07D90,0x0AD90,jmp.w,$FFB4E4,jmp.w,$FFB4CC,nej,1,0,0
23,$008794,$8794.w,0x07D94,0x0AD94,jmp.w,$FFB7B6,jmp.w,$FFB78E,nej,1,0,0
24,$008798,$8798.w,0x07D98,0x0AD98,jmp.l,$F88458,jmp.l,$F88458,JA,1,0,0
25,$00879E,$879E.w,0x07D9E,0x0AD9E,jmp.l,$F8892A,jmp.l,$F8892A,JA,0,8,8
26,$0087A4,$87A4.w,0x07DA4,0x0ADA4,jmp.l,$F8891C,jmp.l,$F8891C,JA,0,2,2
27,$0087AA,$87AA.w,0x07DAA,0x0ADAA,jmp.l,$F88934,jmp.l,$F88934,JA,1,4,4
28,$0087CE,$87CE.w,0x07DCE,0x0ADCE,jmp.l,$00A48C,jmp.l,$00BAB6,nej,0,0,0
29,$0087D4,$87D4.w,0x07DD4,0x0ADD4,jmp.w,$002458,jmp.w,$0024CC,nej,0,0,0
30,$0087D8,$87D8.w,0x07DD8,0x0ADD8,jmp.w,$00247A,jmp.w,$00247A,JA,0,0,0
31,$0087DC,$87DC.w,0x07DDC,0x0ADDC,jmp.l,$00250E,jmp.l,$002504,nej,0,0,0
32,$0087E2,$87E2.w,0x07DE2,0x0ADE2,jmp.l,$00251C,jmp.l,$002512,nej,0,0,0
33,$0087E8,$87E8.w,0x07DE8,0x0ADE8,jmp.w,$00248A,jmp.w,$00251A,nej,0,0,0
34,$0087F2,$87F2.w,0x07DF2,0x0ADF2,jmp.w,$002B14,jmp.w,$002B5A,nej,5,8,11
35,$0087F8,$87F8.w,0x07DF8,0x0ADF8,jmp.w,$FF8856,jmp.w,$FF8856,JA,0,0,0
36,$0087FC,$87FC.w,0x07DFC,0x0ADFC,jmp.l,$00AD4A,jmp.l,$00C5F6,nej,0,0,0
37,$008802,$8802.w,0x07E02,0x0AE02,jmp.w,$002B90,jmp.w,$002BB0,nej,0,0,0
38,$008806,$8806.w,0x07E06,0x0AE06,jmp.w,$002BD6,jmp.w,$002BF6,nej,1,1,1
39,$00880A,$880A.w,0x07E0A,0x0AE0A,jmp.l,$002C1E,jmp.l,$00C6E4,nej,0,0,0
40,$008810,$8810.w,0x07E10,0x0AE10,jmp.w,$003018,jmp.w,$003048,nej,0,1,1
41,$008814,$8814.w,0x07E14,0x0AE14,jmp.w,$0030C2,jmp.w,$0030F6,nej,1,11,14
42,$00881C,$881C.w,0x07E1C,0x0AE1C,jmp.l,$00AE22,jmp.l,$00C944,nej,0,1,1
43,$008822,$8822.w,0x07E22,0x0AE22,jmp.l,$F891E4,jmp.l,$F891E4,JA,1,1,1
44,$008828,$8828.w,0x07E28,0x0AE28,jmp.l,$F8920A,jmp.l,$F8920A,JA,1,3,3
45,$00882E,$882E.w,0x07E2E,0x0AE2E,jmp.w,$003950,jmp.w,$003818,nej,0,0,0
46,$00885E,$885E.w,0x07E5E,0x0AE5E,jmp.l,$F89354,jmp.l,$F89354,JA,0,0,0
47,$008886,$8886.w,0x07E86,0x0AE86,jmp.l,$F8938E,jmp.l,$F8938E,JA,0,0,0
48,$0088AC,$88AC.w,0x07EAC,0x0AEAC,jmp.w,$FFA610,jmp.w,$FFA45E,nej,5,0,0
49,$0088B0,$88B0.w,0x07EB0,0x0AEB0,jmp.w,$FFA26E,jmp.w,$FFA26E,JA,0,0,0
50,$0088B4,$88B4.w,0x07EB4,0x0AEB4,jmp.w,$FFAA3C,jmp.w,$FFA8F8,nej,1,1,1
51,$0088B8,$88B8.w,0x07EB8,0x0AEB8,jmp.w,$FFA9AE,jmp.w,$FFA85E,nej,1,2,2
52,$0088BC,$88BC.w,0x07EBC,0x0AEBC,jmp.w,$003ECA,jmp.w,$003DD6,nej,1,1,1
53,$0088C0,$88C0.w,0x07EC0,0x0AEC0,jmp.w,$FFA9F0,jmp.w,$FFA8AC,nej,2,6,7
54,$0088C4,$88C4.w,0x07EC4,0x0AEC4,jmp.w,$FFA65E,jmp.w,$FFA4AC,nej,2,31,63
55,$0088D6,$88D6.w,0x07ED6,0x0AED6,jmp.l,$F8974C,jmp.l,$F8974C,JA,1,4,6
56,$0088DC,$88DC.w,0x07EDC,0x0AEDC,jmp.l,$00B4E0,jmp.l,$00D2D2,nej,1,1,1
57,$0088E2,$88E2.w,0x07EE2,0x0AEE2,jmp.l,$F89A34,jmp.l,$F89A34,JA,0,0,0
58,$0088E8,$88E8.w,0x07EE8,0x0AEE8,jmp.l,$F89A5A,jmp.l,$F89A5A,JA,0,0,0
59,$008934,$8934.w,0x07F34,0x0AF34,jmp.l,$F89AD4,jmp.l,$F89AD4,JA,0,0,0
60,$00893E,$893E.w,0x07F3E,0x0AF3E,jmp.w,$FFB342,jmp.w,$FFB2B6,nej,0,0,0
61,$008942,$8942.w,0x07F42,0x0AF42,jmp.w,$FFB2A8,jmp.w,$FFB1B0,nej,0,0,0
62,$008946,$8946.w,0x07F46,0x0AF46,jmp.l,$F89B9A,jmp.l,$F89B9A,JA,4,0,1
63,$00894C,$894C.w,0x07F4C,0x0AF4C,jmp.w,$FFB586,jmp.w,$FFB56E,nej,2,0,0
64,$008956,$8956.w,0x07F56,0x0AF56,jmp.w,$FFB7D0,jmp.w,$FFB7A8,nej,0,0,0
65,$00895A,$895A.w,0x07F5A,0x0AF5A,jmp.l,$F8A0B0,jmp.l,$00390A,nej,0,1,1
66,$008960,$8960.w,0x07F60,0x0AF60,jmp.l,$F8A0F6,jmp.l,$F8A0F6,JA,2,0,0
67,$008966,$8966.w,0x07F66,0x0AF66,jmp.l,$F8A11C,jmp.l,$F8A11C,JA,9,2,2
68,$00896C,$896C.w,0x07F6C,0x0AF6C,jmp.l,$F8A246,jmp.l,$F8A246,JA,14,6,12
69,$008972,$8972.w,0x07F72,0x0AF72,jmp.l,$F8A44E,jmp.l,$F8A44E,JA,17,15,30
70,$008978,$8978.w,0x07F78,0x0AF78,jmp.l,$F8A564,jmp.l,$00D2DE,nej,13,2,6
71,$00897E,$897E.w,0x07F7E,0x0AF7E,jmp.l,$F8A69E,jmp.l,$F8A69E,JA,4,4,4
72,$008984,$8984.w,0x07F84,0x0AF84,jmp.l,$F8A6F4,jmp.l,$F8A6F4,JA,3,2,4
73,$00898A,$898A.w,0x07F8A,0x0AF8A,jmp.l,$F8A71A,jmp.l,$F8A71A,JA,0,1,1
74,$008990,$8990.w,0x07F90,0x0AF90,jmp.l,$F8A6FE,jmp.l,$F8A6FE,JA,1,0,0
75,$008996,$8996.w,0x07F96,0x0AF96,jmp.l,$F8A72C,jmp.l,$F8A72C,JA,8,24,27
76,$00899C,$899C.w,0x07F9C,0x0AF9C,jmp.l,$003A42,jmp.l,$003934,nej,0,4,4
77,$0089A2,$89A2.w,0x07FA2,0x0AFA2,jmp.w,$003A62,jmp.w,$003954,nej,0,0,0
78,$0089A6,$89A6.w,0x07FA6,0x0AFA6,jmp.w,$003AB2,jmp.w,$00398C,nej,4,5,6
79,$0089AA,$89AA.w,0x07FAA,0x0AFAA,jmp.w,$003BA0,jmp.w,$003A7A,nej,1,7,7
80,$0089BA,$89BA.w,0x07FBA,0x0AFBA,jmp.l,$F8A7DC,jmp.l,$F8A7DC,JA,0,0,0
81,$008B24,$8B24.w,0x08124,0x0B124,jmp.l,$00B544,jmp.l,$00D446,nej,1,11,11
82,$008B2A,$8B2A.w,0x0812A,0x0B12A,jmp.w,$0041EC,jmp.w,$004150,nej,1,3,3
83,$008B2E,$8B2E.w,0x0812E,0x0B12E,jmp.w,$0042DA,jmp.w,$004228,nej,1,2,2
84,$008B4C,$8B4C.w,0x0814C,0x0B14C,jmp.w,$004724,jmp.w,$004626,nej,1,19,21
85,$008B50,$8B50.w,0x08150,0x0B150,jmp.w,$004774,jmp.w,$004676,nej,3,19,19
86,$008B54,$8B54.w,0x08154,0x0B154,jmp.w,$004DA2,jmp.w,$004BC0,nej,1,2,2
87,$008B58,$8B58.w,0x08158,0x0B158,jmp.w,$004DB0,jmp.w,$004BCE,nej,1,2,2
88,$008B5C,$8B5C.w,0x0815C,0x0B15C,jmp.w,$004DF2,jmp.w,$004C10,nej,1,2,2
89,$008B78,$8B78.w,0x08178,0x0B178,jmp.w,$005D52,jmp.w,$005CD4,nej,1,1,1
90,$008BB0,$8BB0.w,0x081B0,0x0B1B0,jmp.l,$00BCE8,jmp.l,$00DDCA,nej,6,10,11
91,$008BC2,$8BC2.w,0x081C2,0x0B1C2,jmp.w,$FFB940,jmp.w,$FFB93A,nej,1,1,1
92,$008BC6,$8BC6.w,0x081C6,0x0B1C6,jmp.w,$FFBAAE,jmp.w,$FFBAA8,nej,1,10,10
93,$008BCA,$8BCA.w,0x081CA,0x0B1CA,jmp.l,$F8B152,jmp.l,$F8B152,JA,0,1,1
94,$008BD0,$8BD0.w,0x081D0,0x0B1D0,jmp.l,$F8B6FC,jmp.l,$F8B6FC,JA,1,1,1
95,$008BD6,$8BD6.w,0x081D6,0x0B1D6,jmp.l,$F8B0EA,jmp.l,$F8B0EA,JA,0,5,5
96,$008BDC,$8BDC.w,0x081DC,0x0B1DC,jmp.l,$F8B11E,jmp.l,$F8B11E,JA,0,1,1
97,$008BE2,$8BE2.w,0x081E2,0x0B1E2,jmp.l,$F8B188,jmp.l,$F8B188,JA,6,6,6
98,$008BE8,$8BE8.w,0x081E8,0x0B1E8,jmp.l,$F8B198,jmp.l,$F8B198,JA,0,2,2
99,$008BEE,$8BEE.w,0x081EE,0x0B1EE,jmp.l,$F8B1C0,jmp.l,$F8B1C0,JA,1,3,3
100,$008BF4,$8BF4.w,0x081F4,0x0B1F4,jmp.l,$F8B1F0,jmp.l,$F8B1F0,JA,1,6,6
101,$008BFA,$8BFA.w,0x081FA,0x0B1FA,jmp.l,$F8B262,jmp.l,$F8B262,JA,1,3,4
102,$008C00,$8C00.w,0x08200,0x0B200,jmp.l,$F8B28E,jmp.l,$F8B28E,JA,0,3,3
103,$008C06,$8C06.w,0x08206,0x0B206,jmp.l,$F8B2BA,jmp.l,$F8B2BA,JA,4,17,18
104,$008C0C,$8C0C.w,0x0820C,0x0B20C,jmp.l,$F8B2E2,jmp.l,$F8B2E2,JA,26,16,17
105,$008C12,$8C12.w,0x08212,0x0B212,jmp.l,$F8B316,jmp.l,$F8B316,JA,8,1,1
106,$008C18,$8C18.w,0x08218,0x0B218,jmp.l,$F8B2FC,jmp.l,$F8B2FC,JA,2,7,7
107,$008C1E,$8C1E.w,0x0821E,0x0B21E,jmp.l,$F8B328,jmp.l,$F8B328,JA,2,3,3
108,$008C24,$8C24.w,0x08224,0x0B224,jmp.l,$F8B37A,jmp.l,$F8B37A,JA,0,0,0
109,$008C2A,$8C2A.w,0x0822A,0x0B22A,jmp.l,$F8B394,jmp.l,$F8B394,JA,0,2,3
110,$008C30,$8C30.w,0x08230,0x0B230,jmp.l,$F8B3F0,jmp.l,$F8B3F0,JA,0,1,1
111,$008C36,$8C36.w,0x08236,0x0B236,jmp.l,$F8B3D0,jmp.l,$F8B3D0,JA,0,1,1
112,$008C3C,$8C3C.w,0x0823C,0x0B23C,jmp.l,$F8B504,jmp.l,$F8B504,JA,2,7,8
113,$008C42,$8C42.w,0x08242,0x0B242,jmp.l,$F8B418,jmp.l,$F8B418,JA,0,2,2
114,$008C48,$8C48.w,0x08248,0x0B248,jmp.l,$F8B44A,jmp.l,$F8B44A,JA,0,1,1
115,$008C4E,$8C4E.w,0x0824E,0x0B24E,jmp.l,$F8B488,jmp.l,$F8B488,JA,7,1,1
116,$008C54,$8C54.w,0x08254,0x0B254,jmp.l,$F8B470,jmp.l,$F8B470,JA,0,2,2
117,$008C5A,$8C5A.w,0x0825A,0x0B25A,jmp.l,$F8B4A0,jmp.l,$F8B4A0,JA,2,1,1
118,$008C60,$8C60.w,0x08260,0x0B260,jmp.l,$F8B568,jmp.l,$F8B568,JA,0,3,2
119,$008C66,$8C66.w,0x08266,0x0B266,jmp.l,$F8B594,jmp.l,$F8B594,JA,0,3,3
120,$008C6C,$8C6C.w,0x0826C,0x0B26C,jmp.l,$F8B62C,jmp.l,$F8B62C,JA,2,0,0
121,$008C72,$8C72.w,0x08272,0x0B272,jmp.l,$FFBCE4,jmp.l,$FFBCDE,nej,1,0,0
122,$008C78,$8C78.w,0x08278,0x0B278,jmp.l,$F8B674,jmp.l,$F8B674,JA,1,1,1
123,$008C7E,$8C7E.w,0x0827E,0x0B27E,jmp.l,$F8B68C,jmp.l,$F8B68C,JA,0,1,1
124,$008C84,$8C84.w,0x08284,0x0B284,jmp.l,$0064B8,jmp.l,$006402,nej,4,0,0
125,$008C8A,$8C8A.w,0x0828A,0x0B28A,jmp.l,$FFBB08,jmp.l,$FFBB02,nej,1,1,1
126,$008C90,$8C90.w,0x08290,0x0B290,jmp.w,$006F10,jmp.w,$006F84,nej,5,2,4
127,$008C94,$8C94.w,0x08294,0x0B294,jmp.w,$FFB924,jmp.w,$FFB91E,nej,1,0,0
128,$008C98,$8C98.w,0x08298,0x0B298,jmp.w,$FFBB02,jmp.w,$FFBAFC,nej,1,4,4
129,$008C9C,$8C9C.w,0x0829C,0x0B29C,jmp.w,$FFB850,jmp.w,$FFB81A,nej,1,1,1
130,$008CA0,$8CA0.w,0x082A0,0x0B2A0,jmp.w,$FFB938,jmp.w,$FFB932,nej,0,0,0
131,$008CA4,$8CA4.w,0x082A4,0x0B2A4,jmp.l,$F8B9F0,jmp.l,$00E036,nej,0,0,1
132,$008CAA,$8CAA.w,0x082AA,0x0B2AA,jmp.l,$00BE30,jmp.l,$00DF6E,nej,1,0,0
133,$008CFA,$8CFA.w,0x082FA,0x0B2FA,jmp.l,$00BE4E,jmp.l,$00E094,nej,2,2,3
134,$008D00,$8D00.w,0x08300,0x0B300,jmp.l,$F8BAC6,jmp.l,$00E0A4,nej,1,3,3
135,$008D06,$8D06.w,0x08306,0x0B306,jmp.l,$F8BCAC,jmp.l,$F8BCAC,JA,3,64,76
136,$008D38,$8D38.w,0x08338,0x0B338,jmp.l,$F8BE1E,jmp.l,$00E176,nej,0,0,0
137,$008D3E,$8D3E.w,0x0833E,0x0B33E,jmp.l,$F8BE26,jmp.l,$00E17E,nej,4,0,2
138,$008D44,$8D44.w,0x08344,0x0B344,jmp.l,$F8C0CE,jmp.l,$F8C0CE,JA,0,1,1
139,$008D4A,$8D4A.w,0x0834A,0x0B34A,jmp.l,$00BE5E,jmp.l,$00E3AE,nej,1,5,5
140,$008D50,$8D50.w,0x08350,0x0B350,jmp.l,$F8C1BE,jmp.l,$F8C1BE,JA,2,0,0
141,$008D88,$8D88.w,0x08388,0x0B388,jmp.w,$0065DE,jmp.w,$0064BA,nej,0,0,0
142,$008DC2,$8DC2.w,0x083C2,0x0B3C2,jmp.w,$0065DE,jmp.w,$0064BA,nej,0,0,0
143,$008DCC,$8DCC.w,0x083CC,0x0B3CC,jmp.l,$F8C412,jmp.l,$F8C412,JA,2,0,1
144,$008DD2,$8DD2.w,0x083D2,0x0B3D2,jmp.l,$F8C492,jmp.l,$017234,nej,2,0,1
145,$008DFE,$8DFE.w,0x083FE,0x0B3FE,jmp.w,$0073AC,jmp.w,$007432,nej,1,1,1
146,$008E02,$8E02.w,0x08402,0x0B402,jmp.l,$007682,jmp.l,$00E54E,nej,2,0,1
147,$008E38,$8E38.w,0x08438,0x0B438,jmp.l,$F8C994,jmp.l,$F8C994,JA,2,0,0
148,$008E3E,$8E3E.w,0x0843E,0x0B43E,jmp.l,$F8C9AA,jmp.l,$F8C9AA,JA,2,0,0
149,$008E44,$8E44.w,0x08444,0x0B444,jmp.l,$F8C9CC,jmp.l,$F8C9CC,JA,3,2,2
150,$008E4A,$8E4A.w,0x0844A,0x0B44A,jmp.l,$F8C9FE,jmp.l,$F8C9FE,JA,0,2,4
151,$008E50,$8E50.w,0x08450,0x0B450,jmp.l,$F8CAFA,jmp.l,$F8CAFA,JA,2,0,1
152,$008E68,$8E68.w,0x08468,0x0B468,jmp.l,$F8CDDC,jmp.l,$F8CDDC,JA,0,0,0
153,$008E6E,$8E6E.w,0x0846E,0x0B46E,jmp.l,$F8CE4A,jmp.l,$F8CE4A,JA,7,1,1
154,$008E74,$8E74.w,0x08474,0x0B474,jmp.l,$F8CF9C,jmp.l,$F8CF9C,JA,0,0,0
155,$008E7A,$8E7A.w,0x0847A,0x0B47A,jmp.l,$00BF7A,jmp.l,$00E7B4,nej,0,0,0
156,$008E80,$8E80.w,0x08480,0x0B480,jmp.l,$0067F6,jmp.l,$0067EC,nej,0,2,2
157,$008E86,$8E86.w,0x08486,0x0B486,jmp.l,$006988,jmp.l,$0069FC,nej,1,0,0
158,$008EAC,$8EAC.w,0x084AC,0x0B4AC,jmp.l,$F8DC90,jmp.l,$017350,nej,2,0,0
159,$008EB2,$8EB2.w,0x084B2,0x0B4B2,jmp.l,$F8DD94,jmp.l,$F8DD94,JA,1,1,5
160,$008EB8,$8EB8.w,0x084B8,0x0B4B8,jmp.l,$F8DDF4,jmp.l,$00EFD0,nej,0,0,0
161,$008EBE,$8EBE.w,0x084BE,0x0B4BE,jmp.l,$00C234,jmp.l,$00EBB2,nej,0,0,0
162,$008EC4,$8EC4.w,0x084C4,0x0B4C4,jmp.l,$F8E082,jmp.l,$00EC7C,nej,0,0,0
163,$008ECA,$8ECA.w,0x084CA,0x0B4CA,jmp.l,$F8E054,jmp.l,$00ECB0,nej,0,0,0
164,$008ED0,$8ED0.w,0x084D0,0x0B4D0,jmp.l,$F8E256,jmp.l,$F8E256,JA,0,0,1
165,$008ED6,$8ED6.w,0x084D6,0x0B4D6,jmp.l,$F8E338,jmp.l,$F8E338,JA,0,0,0
166,$008EDC,$8EDC.w,0x084DC,0x0B4DC,jmp.l,$F8E384,jmp.l,$F8E384,JA,1,0,0
167,$008EE2,$8EE2.w,0x084E2,0x0B4E2,jmp.l,$F8E3D2,jmp.l,$F8E3D2,JA,0,0,0
168,$008EE8,$8EE8.w,0x084E8,0x0B4E8,jmp.l,$00C2D0,jmp.l,$00F096,nej,0,0,0
169,$008EEE,$8EEE.w,0x084EE,0x0B4EE,jmp.l,$F8E46C,jmp.l,$F8E46C,JA,0,0,0
170,$008EF4,$8EF4.w,0x084F4,0x0B4F4,jmp.l,$F8E4BA,jmp.l,$F8E4BA,JA,1,0,0
171,$008EFA,$8EFA.w,0x084FA,0x0B4FA,jmp.l,$F8E57E,jmp.l,$F8E57E,JA,1,0,0
172,$008F00,$8F00.w,0x08500,0x0B500,jmp.l,$F8E5DA,jmp.l,$F8E5DA,JA,0,0,0
173,$008F06,$8F06.w,0x08506,0x0B506,jmp.l,$F8E63A,jmp.l,$F8E63A,JA,1,0,1
174,$008F0C,$8F0C.w,0x0850C,0x0B50C,jmp.l,$F8E68C,jmp.l,$F8E68C,JA,1,0,0
175,$008F18,$8F18.w,0x08518,0x0B518,jmp.l,$F8EC52,jmp.l,$F8EC52,JA,0,1,1
176,$008F1E,$8F1E.w,0x0851E,0x0B51E,jmp.l,$F8EC6A,jmp.l,$F8EC6A,JA,0,1,1
177,$008F24,$8F24.w,0x08524,0x0B524,jmp.l,$F8ECFA,jmp.l,$F8ECFA,JA,0,3,3
178,$008F2A,$8F2A.w,0x0852A,0x0B52A,jmp.l,$F8ED0E,jmp.l,$F8ED0E,JA,1,12,12
179,$008F30,$8F30.w,0x08530,0x0B530,jmp.l,$F8EDBA,jmp.l,$F8EDBA,JA,0,0,0
180,$008F36,$8F36.w,0x08536,0x0B536,jmp.l,$F8EDDC,jmp.l,$F8EDDC,JA,0,8,8
181,$008F3C,$8F3C.w,0x0853C,0x0B53C,jmp.l,$F8EF2A,jmp.l,$F8EF2A,JA,0,1,1
182,$008F42,$8F42.w,0x08542,0x0B542,jmp.l,$F8EFB6,jmp.l,$F8EFB6,JA,0,1,1
183,$008F48,$8F48.w,0x08548,0x0B548,jmp.l,$F8EFC6,jmp.l,$F8EFC6,JA,0,4,4
184,$008F4E,$8F4E.w,0x0854E,0x0B54E,jmp.l,$F8EFF6,jmp.l,$F8EFF6,JA,0,5,5
185,$008F54,$8F54.w,0x08554,0x0B554,jmp.l,$F8F008,jmp.l,$F8F008,JA,1,21,21
186,$008F5A,$8F5A.w,0x0855A,0x0B55A,jmp.l,$F8F024,jmp.l,$F8F024,JA,0,4,4
187,$008F60,$8F60.w,0x08560,0x0B560,jmp.l,$F8F040,jmp.l,$F8F040,JA,0,1,1
188,$008F66,$8F66.w,0x08566,0x0B566,jmp.l,$F8F054,jmp.l,$F8F054,JA,0,3,3
189,$008F6C,$8F6C.w,0x0856C,0x0B56C,jmp.l,$F8F06C,jmp.l,$F8F06C,JA,0,0,0
190,$008F72,$8F72.w,0x08572,0x0B572,jmp.l,$F8E862,jmp.l,$F8E862,JA,12,0,0
191,$008F78,$8F78.w,0x08578,0x0B578,jmp.l,$F8E87C,jmp.l,$F8E87C,JA,1,0,0
192,$008F7E,$8F7E.w,0x0857E,0x0B57E,jmp.l,$F8E894,jmp.l,$F8E894,JA,0,0,0
193,$008F84,$8F84.w,0x08584,0x0B584,jmp.l,$F8E89A,jmp.l,$F8E89A,JA,0,0,0
194,$008F8A,$8F8A.w,0x0858A,0x0B58A,jmp.l,$F8E89E,jmp.l,$F8E89E,JA,0,0,0
195,$008F90,$8F90.w,0x08590,0x0B590,jmp.l,$F8E8A4,jmp.l,$F8E8A4,JA,0,0,0
196,$008F96,$8F96.w,0x08596,0x0B596,jmp.l,$F8E8A8,jmp.l,$F8E8A8,JA,1,0,0
197,$008F9C,$8F9C.w,0x0859C,0x0B59C,jmp.l,$F8E8AE,jmp.l,$F8E8AE,JA,2,0,0
198,$008FA2,$8FA2.w,0x085A2,0x0B5A2,jmp.l,$F8E8B2,jmp.l,$F8E8B2,JA,1,0,0
199,$008FA8,$8FA8.w,0x085A8,0x0B5A8,jmp.l,$F8E8D0,jmp.l,$F8E8D0,JA,1,0,0
200,$008FAE,$8FAE.w,0x085AE,0x0B5AE,jmp.l,$F8E8C2,jmp.l,$F8E8C2,JA,0,2,2
201,$008FB4,$8FB4.w,0x085B4,0x0B5B4,jmp.l,$F8E8DC,jmp.l,$F8E8DC,JA,0,2,2
202,$008FBA,$8FBA.w,0x085BA,0x0B5BA,jmp.l,$F8E8E6,jmp.l,$F8E8E6,JA,1,5,5
203,$008FC0,$8FC0.w,0x085C0,0x0B5C0,jmp.l,$F8E8F0,jmp.l,$F8E8F0,JA,0,1,1
204,$008FC6,$8FC6.w,0x085C6,0x0B5C6,jmp.l,$F8E8FA,jmp.l,$F8E8FA,JA,0,1,1
205,$008FCC,$8FCC.w,0x085CC,0x0B5CC,jmp.l,$F8E904,jmp.l,$F8E904,JA,0,2,2
206,$008FD2,$8FD2.w,0x085D2,0x0B5D2,jmp.l,$F8E90E,jmp.l,$F8E90E,JA,0,4,4
207,$008FD8,$8FD8.w,0x085D8,0x0B5D8,jmp.l,$F8E918,jmp.l,$F8E918,JA,0,3,3
208,$008FDE,$8FDE.w,0x085DE,0x0B5DE,jmp.l,$F8E922,jmp.l,$F8E922,JA,0,3,3
209,$008FE4,$8FE4.w,0x085E4,0x0B5E4,jmp.l,$F8E93C,jmp.l,$F8E93C,JA,0,0,0
210,$008FEA,$8FEA.w,0x085EA,0x0B5EA,jmp.l,$F8E93E,jmp.l,$F8E93E,JA,0,0,0
211,$008FF0,$8FF0.w,0x085F0,0x0B5F0,jmp.l,$F8E948,jmp.l,$F8E948,JA,0,2,2
212,$008FF6,$8FF6.w,0x085F6,0x0B5F6,jmp.l,$F8E94A,jmp.l,$F8E94A,JA,0,2,2
213,$008FFC,$8FFC.w,0x085FC,0x0B5FC,jmp.l,$F8E954,jmp.l,$F8E954,JA,0,0,0
214,$009002,$9002.w,0x08602,0x0B602,jmp.l,$F8E956,jmp.l,$F8E956,JA,0,1,1
215,$009008,$9008.w,0x08608,0x0B608,jmp.l,$F8E960,jmp.l,$F8E960,JA,0,1,1
216,$00900E,$900E.w,0x0860E,0x0B60E,jmp.l,$F8E962,jmp.l,$F8E962,JA,0,2,2
217,$009014,$9014.w,0x08614,0x0B614,jmp.l,$F8E96A,jmp.l,$F8E96A,JA,0,2,2
218,$00901A,$901A.w,0x0861A,0x0B61A,jmp.l,$F8E992,jmp.l,$F8E992,JA,0,6,6
219,$009020,$9020.w,0x08620,0x0B620,jmp.l,$F8E9A0,jmp.l,$F8E9A0,JA,0,3,3
220,$009026,$9026.w,0x08626,0x0B626,jmp.l,$F8E9A6,jmp.l,$F8E9A6,JA,0,0,0
221,$00902C,$902C.w,0x0862C,0x0B62C,jmp.l,$F8E9C0,jmp.l,$F8E9C0,JA,1,1,1
222,$009032,$9032.w,0x08632,0x0B632,jmp.l,$F8E9CA,jmp.l,$F8E9CA,JA,0,0,0
223,$009038,$9038.w,0x08638,0x0B638,jmp.l,$F8E6BE,jmp.l,$F8E6BE,JA,0,6,6
224,$00903E,$903E.w,0x0863E,0x0B63E,jmp.l,$F8E7A6,jmp.l,$F8E7A6,JA,2,0,0
225,$009044,$9044.w,0x08644,0x0B644,jmp.l,$F8E7DC,jmp.l,$F8E7DC,JA,1,0,0
226,$00904A,$904A.w,0x0864A,0x0B64A,jmp.l,$F8E80C,jmp.l,$F8E80C,JA,1,0,0
227,$009050,$9050.w,0x08650,0x0B650,jmp.l,$F9807A,jmp.l,$F9807A,JA,7,13,13
228,$009056,$9056.w,0x08656,0x0B656,jmp.l,$F980BC,jmp.l,$F980BC,JA,4,9,10
229,$00905C,$905C.w,0x0865C,0x0B65C,jmp.l,$F98120,jmp.l,$F98120,JA,2,3,3
230,$009062,$9062.w,0x08662,0x0B662,jmp.l,$F98148,jmp.l,$F98148,JA,4,3,4
231,$009068,$9068.w,0x08668,0x0B668,jmp.l,$F97F98,jmp.l,$F97F98,JA,1,0,0
232,$00906E,$906E.w,0x0866E,0x0B66E,jmp.l,$F98194,jmp.l,$F98194,JA,0,1,1
233,$009074,$9074.w,0x08674,0x0B674,jmp.l,$F8F258,jmp.l,$F8F258,JA,0,0,0
234,$00907A,$907A.w,0x0867A,0x0B67A,jmp.l,$F8F284,jmp.l,$F8F284,JA,0,1,1
235,$009080,$9080.w,0x08680,0x0B680,jmp.l,$F8E6D0,jmp.l,$F8E6D0,JA,0,1,1
236,$009086,$9086.w,0x08686,0x0B686,jmp.l,$F8E720,jmp.l,$F8E720,JA,0,1,1
237,$00908C,$908C.w,0x0868C,0x0B68C,jmp.l,$F8F142,jmp.l,$F8F142,JA,0,2,2
238,$009092,$9092.w,0x08692,0x0B692,jmp.l,$F8F158,jmp.l,$F8F158,JA,0,2,2
239,$009098,$9098.w,0x08698,0x0B698,jmp.l,$F8F16E,jmp.l,$F8F16E,JA,0,2,2
240,$00909E,$909E.w,0x0869E,0x0B69E,jmp.l,$F8F18E,jmp.l,$F8F18E,JA,0,4,4
241,$0090A4,$90A4.w,0x086A4,0x0B6A4,jmp.l,$F8F1B6,jmp.l,$F8F1B6,JA,0,2,2
242,$0090AA,$90AA.w,0x086AA,0x0B6AA,jmp.l,$F8E9F4,jmp.l,$F8E9F4,JA,5,12,12
243,$0090B0,$90B0.w,0x086B0,0x0B6B0,jmp.l,$F8EE4C,jmp.l,$F8EE4C,JA,0,1,1
244,$0090B6,$90B6.w,0x086B6,0x0B6B6,jmp.l,$F8F09E,jmp.l,$F8F09E,JA,0,1,1
245,$0090BC,$90BC.w,0x086BC,0x0B6BC,jmp.l,$F8EEBC,jmp.l,$F8EEBC,JA,0,1,1
246,$0090C2,$90C2.w,0x086C2,0x0B6C2,jmp.w,$006F3A,jmp.w,$006FAE,nej,1,0,0
247,$0090D2,$90D2.w,0x086D2,0x0B6D2,jmp.w,$FF8F36,jmp.w,$FF8F36,JA,0,0,0
248,$0090E2,$90E2.w,0x086E2,0x0B6E2,jmp.w,$FF8F36,jmp.w,$FF8F36,JA,0,0,0
249,$0090EE,$90EE.w,0x086EE,0x0B6EE,jmp.l,$00C9D2,jmp.l,$00FC04,nej,0,1,1
250,$0090F4,$90F4.w,0x086F4,0x0B6F4,jmp.l,$F8F2D2,jmp.l,$F8F2D2,JA,0,0,0
251,$0090FA,$90FA.w,0x086FA,0x0B6FA,jmp.l,$F8F2DA,jmp.l,$010E2E,nej,0,0,0
252,$009100,$9100.w,0x08700,0x0B700,jmp.l,$F8F388,jmp.l,$F8F388,JA,0,0,0
253,$009106,$9106.w,0x08706,0x0B706,jmp.l,$F8F38C,jmp.l,$F8F38C,JA,1,0,0
254,$00910C,$910C.w,0x0870C,0x0B70C,jmp.l,$F8F460,jmp.l,$F8F460,JA,2,0,0
255,$009112,$9112.w,0x08712,0x0B712,jmp.l,$F8F3D6,jmp.l,$F8F3D6,JA,3,0,1
256,$009118,$9118.w,0x08718,0x0B718,jmp.l,$F8F476,jmp.l,$010E56,nej,0,0,0
257,$00911E,$911E.w,0x0871E,0x0B71E,jmp.l,$FF9166,jmp.l,$010E68,nej,2,0,1
258,$009124,$9124.w,0x08724,0x0B724,jmp.l,$FF91B8,jmp.l,$FF91B8,JA,2,0,1
259,$00912A,$912A.w,0x0872A,0x0B72A,jmp.l,$FF9232,jmp.l,$FF9232,JA,0,0,0
260,$009130,$9130.w,0x08730,0x0B730,jmp.l,$FF9244,jmp.l,$FF9244,JA,2,2,2
261,$009136,$9136.w,0x08736,0x0B736,jmp.l,$FF9270,jmp.l,$FF9270,JA,1,0,0
262,$00913C,$913C.w,0x0873C,0x0B73C,jmp.l,$FF9298,jmp.l,$FF9298,JA,15,5,7
263,$009142,$9142.w,0x08742,0x0B742,jmp.l,$FF92B6,jmp.l,$FF92B6,JA,2,1,1
264,$009148,$9148.w,0x08748,0x0B748,jmp.l,$FF9348,jmp.l,$FF9348,JA,0,1,1
265,$00914E,$914E.w,0x0874E,0x0B74E,jmp.l,$FF92A4,jmp.l,$FF92A4,JA,0,0,0
266,$009154,$9154.w,0x08754,0x0B754,jmp.l,$FF92E2,jmp.l,$FF92E2,JA,0,1,1
267,$00915A,$915A.w,0x0875A,0x0B75A,jmp.l,$FF9340,jmp.l,$FF9340,JA,0,1,1
268,$009160,$9160.w,0x08760,0x0B760,jmp.l,$FF92EA,jmp.l,$FF92EA,JA,1,1,1
269,$009368,$9368.w,0x08968,0x0B968,jmp.l,$F8F4D8,jmp.l,$F8F4D8,JA,1,0,2
270,$00936E,$936E.w,0x0896E,0x0B96E,jmp.l,$F8FB1A,jmp.l,$F8FB1A,JA,13,0,2
271,$009374,$9374.w,0x08974,0x0B974,jmp.l,$F8F50A,jmp.l,$F8F50A,JA,3,0,0
272,$00937A,$937A.w,0x0897A,0x0B97A,jmp.l,$F8FAD2,jmp.l,$F8FAD2,JA,6,0,0
273,$009380,$9380.w,0x08980,0x0B980,jmp.l,$F8FAC6,jmp.l,$F8FAC6,JA,18,0,0
274,$009386,$9386.w,0x08986,0x0B986,jmp.l,$F8FB0A,jmp.l,$F8FB0A,JA,5,0,0
275,$00938C,$938C.w,0x0898C,0x0B98C,jmp.l,$F8F9F6,jmp.l,$F8F9F6,JA,4,0,0
276,$009392,$9392.w,0x08992,0x0B992,jmp.l,$F8FA58,jmp.l,$F8FA58,JA,2,0,0
277,$009398,$9398.w,0x08998,0x0B998,jmp.l,$F8FBFC,jmp.l,$F8FBFC,JA,0,0,0
278,$00939E,$939E.w,0x0899E,0x0B99E,jmp.l,$F8F89C,jmp.l,$F8F89C,JA,1,0,0
279,$0093A4,$93A4.w,0x089A4,0x0B9A4,jmp.l,$F8F8BA,jmp.l,$F8F8BA,JA,3,0,0
280,$0093AA,$93AA.w,0x089AA,0x0B9AA,jmp.l,$F8F8E0,jmp.l,$F8F8E0,JA,1,0,0
281,$0093B0,$93B0.w,0x089B0,0x0B9B0,jmp.l,$F8F974,jmp.l,$F8F974,JA,0,0,0
282,$0093B6,$93B6.w,0x089B6,0x0B9B6,jmp.l,$F8F9B6,jmp.l,$F8F9B6,JA,0,0,0
283,$0093BC,$93BC.w,0x089BC,0x0B9BC,jmp.l,$F8F9D4,jmp.l,$F8F9D4,JA,5,0,0
284,$0093C2,$93C2.w,0x089C2,0x0B9C2,jmp.l,$F8FA0C,jmp.l,$F8FA0C,JA,0,0,0
285,$0093C8,$93C8.w,0x089C8,0x0B9C8,jmp.l,$F8FA24,jmp.l,$F8FA24,JA,0,0,0
286,$0093CE,$93CE.w,0x089CE,0x0B9CE,jmp.l,$F8FA60,jmp.l,$F8FA60,JA,0,0,0
287,$0093D4,$93D4.w,0x089D4,0x0B9D4,jmp.l,$F8FA68,jmp.l,$F8FA68,JA,1,0,0
288,$0093DA,$93DA.w,0x089DA,0x0B9DA,jmp.l,$F8FB36,jmp.l,$F8FB36,JA,0,0,0
289,$0093E0,$93E0.w,0x089E0,0x0B9E0,jmp.l,$F8FC98,jmp.l,$F8FC98,JA,0,0,0
290,$0093E6,$93E6.w,0x089E6,0x0B9E6,jmp.l,$F8FCC4,jmp.l,$F8FCC4,JA,0,0,0
291,$0093EC,$93EC.w,0x089EC,0x0B9EC,jmp.l,$F8FCC6,jmp.l,$F8FCC6,JA,0,0,0
292,$0093F2,$93F2.w,0x089F2,0x0B9F2,jmp.l,$F8FCCE,jmp.l,$F8FCCE,JA,1,0,0
293,$0093F8,$93F8.w,0x089F8,0x0B9F8,jmp.l,$F8FCE8,jmp.l,$F8FCE8,JA,1,0,0
294,$0093FE,$93FE.w,0x089FE,0x0B9FE,jmp.l,$F8FD0A,jmp.l,$F8FD0A,JA,0,0,0
295,$009404,$9404.w,0x08A04,0x0BA04,jmp.l,$F8FD3E,jmp.l,$F8FD3E,JA,0,0,0
296,$00940A,$940A.w,0x08A0A,0x0BA0A,jmp.l,$F8F6B4,jmp.l,$F8F6B4,JA,0,0,0
297,$009410,$9410.w,0x08A10,0x0BA10,jmp.l,$F8F780,jmp.l,$F8F780,JA,0,0,0
298,$009416,$9416.w,0x08A16,0x0BA16,jmp.l,$F8F862,jmp.l,$F8F862,JA,0,0,0
299,$009448,$9448.w,0x08A48,0x0BA48,jmp.l,$F8FD46,jmp.l,$F8FD46,JA,0,0,0
300,$00944E,$944E.w,0x08A4E,0x0BA4E,jmp.l,$F8FD6C,jmp.l,$F8FD6C,JA,1,0,1
301,$009454,$9454.w,0x08A54,0x0BA54,jmp.l,$F8FE24,jmp.l,$F8FE24,JA,3,0,1
302,$00945A,$945A.w,0x08A5A,0x0BA5A,jmp.l,$F8FDC4,jmp.l,$010EC8,nej,0,0,0
303,$009460,$9460.w,0x08A60,0x0BA60,jmp.l,$F8FD96,jmp.l,$F8FD96,JA,1,0,1
304,$009466,$9466.w,0x08A66,0x0BA66,jmp.l,$F8FFAE,jmp.l,$F8FFAE,JA,3,0,1
305,$00946C,$946C.w,0x08A6C,0x0BA6C,jmp.l,$F8FF08,jmp.l,$F8FF08,JA,2,0,1
306,$009472,$9472.w,0x08A72,0x0BA72,jmp.l,$F8FE54,jmp.l,$F8FE54,JA,0,0,0
307,$009478,$9478.w,0x08A78,0x0BA78,jmp.l,$F8FF2C,jmp.l,$F8FF2C,JA,0,1,1
308,$00947E,$947E.w,0x08A7E,0x0BA7E,jmp.l,$F90028,jmp.l,$F90028,JA,2,0,0
309,$009484,$9484.w,0x08A84,0x0BA84,jmp.l,$F8FFC8,jmp.l,$F8FFC8,JA,5,0,1
310,$00948A,$948A.w,0x08A8A,0x0BA8A,jmp.l,$F90020,jmp.l,$F90020,JA,2,0,1
311,$009490,$9490.w,0x08A90,0x0BA90,jmp.l,$F900E8,jmp.l,$010EAE,nej,3,0,0
312,$009496,$9496.w,0x08A96,0x0BA96,jmp.l,$F90108,jmp.l,$F90108,JA,2,0,0
313,$00949C,$949C.w,0x08A9C,0x0BA9C,jmp.l,$F900B0,jmp.l,$F900B0,JA,4,0,0
314,$0094A2,$94A2.w,0x08AA2,0x0BAA2,jmp.l,$F8FE82,jmp.l,$F8FE82,JA,0,1,1
315,$0094A8,$94A8.w,0x08AA8,0x0BAA8,jmp.l,$F8FE7E,jmp.l,$F8FE7E,JA,0,1,1
316,$0094AE,$94AE.w,0x08AAE,0x0BAAE,jmp.l,$F8FEA8,jmp.l,$F8FEA8,JA,0,1,1
317,$0094B4,$94B4.w,0x08AB4,0x0BAB4,jmp.l,$F8FEA4,jmp.l,$F8FEA4,JA,0,1,1
318,$0094BA,$94BA.w,0x08ABA,0x0BABA,jmp.l,$F8FEDE,jmp.l,$F8FEDE,JA,1,0,0
319,$0094C0,$94C0.w,0x08AC0,0x0BAC0,jmp.l,$F8FF74,jmp.l,$F8FF74,JA,2,0,0
320,$0094C6,$94C6.w,0x08AC6,0x0BAC6,jmp.l,$F90016,jmp.l,$F90016,JA,2,0,0
321,$0094CC,$94CC.w,0x08ACC,0x0BACC,jmp.l,$F8FEEE,jmp.l,$F8FEEE,JA,3,0,0
322,$0094D2,$94D2.w,0x08AD2,0x0BAD2,jmp.l,$F8FE2E,jmp.l,$010ED4,nej,0,0,0
323,$0094D8,$94D8.w,0x08AD8,0x0BAD8,jmp.l,$F8FE02,jmp.l,$F8FE02,JA,0,0,2
324,$0094DE,$94DE.w,0x08ADE,0x0BADE,jmp.l,$F8FE5C,jmp.l,$F8FE5C,JA,3,0,0
325,$0094E4,$94E4.w,0x08AE4,0x0BAE4,jmp.l,$F8FFC0,jmp.l,$F8FFC0,JA,3,0,0
326,$0094EA,$94EA.w,0x08AEA,0x0BAEA,jmp.l,$F8FF2A,jmp.l,$F8FF2A,JA,2,0,0
327,$0094F0,$94F0.w,0x08AF0,0x0BAF0,jmp.l,$F8FF70,jmp.l,$F8FF70,JA,2,0,0
328,$0094F6,$94F6.w,0x08AF6,0x0BAF6,jmp.l,$F901C8,jmp.l,$F901C8,JA,1,0,0
329,$0094FC,$94FC.w,0x08AFC,0x0BAFC,jmp.l,$F9018E,jmp.l,$F9018E,JA,3,0,0
330,$009502,$9502.w,0x08B02,0x0BB02,jmp.l,$F90318,jmp.l,$F90318,JA,2,0,0
331,$009508,$9508.w,0x08B08,0x0BB08,jmp.l,$F90688,jmp.l,$010F7E,nej,1,0,0
332,$00950E,$950E.w,0x08B0E,0x0BB0E,jmp.l,$F902CC,jmp.l,$F902CC,JA,1,0,0
333,$009514,$9514.w,0x08B14,0x0BB14,jmp.l,$0070F2,jmp.l,$007166,nej,1,0,0
334,$00951A,$951A.w,0x08B1A,0x0BB1A,jmp.l,$F90144,jmp.l,$F90144,JA,4,0,0
335,$009520,$9520.w,0x08B20,0x0BB20,jmp.l,$F90226,jmp.l,$010F0A,nej,2,0,0
336,$009526,$9526.w,0x08B26,0x0BB26,jmp.l,$F9042A,jmp.l,$F9042A,JA,0,0,0
337,$00952C,$952C.w,0x08B2C,0x0BB2C,jmp.l,$F902A6,jmp.l,$F902A6,JA,2,0,0
338,$009532,$9532.w,0x08B32,0x0BB32,jmp.l,$F90352,jmp.l,$F90352,JA,0,0,0
339,$009538,$9538.w,0x08B38,0x0BB38,jmp.l,$F903D0,jmp.l,$F903D0,JA,0,0,0
340,$00953E,$953E.w,0x08B3E,0x0BB3E,jmp.l,$F9047C,jmp.l,$F9047C,JA,0,0,0
341,$009544,$9544.w,0x08B44,0x0BB44,jmp.l,$F904E2,jmp.l,$F904E2,JA,0,0,0
342,$00954A,$954A.w,0x08B4A,0x0BB4A,jmp.l,$F9051C,jmp.l,$F9051C,JA,0,0,0
343,$009550,$9550.w,0x08B50,0x0BB50,jmp.l,$F90566,jmp.l,$F90566,JA,0,0,0
344,$009556,$9556.w,0x08B56,0x0BB56,jmp.l,$F9056E,jmp.l,$F9056E,JA,0,0,0
345,$00955C,$955C.w,0x08B5C,0x0BB5C,jmp.l,$F9062C,jmp.l,$010F72,nej,2,0,0
346,$009562,$9562.w,0x08B62,0x0BB62,jmp.l,$F901D8,jmp.l,$F901D8,JA,0,0,0
347,$00957E,$957E.w,0x08B7E,0x0BB7E,jmp.l,$F906A8,jmp.l,$F906A8,JA,8,0,1
348,$009584,$9584.w,0x08B84,0x0BB84,jmp.l,$F906A0,jmp.l,$F906A0,JA,0,0,0
349,$00958A,$958A.w,0x08B8A,0x0BB8A,jmp.l,$F906A6,jmp.l,$F906A6,JA,0,0,0
350,$009590,$9590.w,0x08B90,0x0BB90,jmp.l,$F906D4,jmp.l,$F906D4,JA,1,0,0
351,$009596,$9596.w,0x08B96,0x0BB96,jmp.l,$F90868,jmp.l,$F90868,JA,2,0,0
352,$00959C,$959C.w,0x08B9C,0x0BB9C,jmp.l,$F90854,jmp.l,$F90854,JA,4,0,0
353,$0095A2,$95A2.w,0x08BA2,0x0BBA2,jmp.l,$F916D0,jmp.l,$F916D0,JA,17,1,5
354,$0095A8,$95A8.w,0x08BA8,0x0BBA8,jmp.l,$F916C6,jmp.l,$F916C6,JA,8,0,2
355,$0095AE,$95AE.w,0x08BAE,0x0BBAE,jmp.l,$F9174A,jmp.l,$F9174A,JA,8,0,1
356,$0095B4,$95B4.w,0x08BB4,0x0BBB4,jmp.l,$F908A0,jmp.l,$0111B6,nej,0,0,0
357,$0095BA,$95BA.w,0x08BBA,0x0BBBA,jmp.l,$F909EC,jmp.l,$011416,nej,1,0,1
358,$0095C0,$95C0.w,0x08BC0,0x0BBC0,jmp.l,$F90BF0,jmp.l,$F90BF0,JA,1,0,0
359,$0095C6,$95C6.w,0x08BC6,0x0BBC6,jmp.l,$F90B7E,jmp.l,$F90B7E,JA,0,0,0
360,$0095CC,$95CC.w,0x08BCC,0x0BBCC,jmp.l,$F90AA2,jmp.l,$F90AA2,JA,1,0,0
361,$0095D2,$95D2.w,0x08BD2,0x0BBD2,jmp.l,$F913CA,jmp.l,$F913CA,JA,4,0,0
362,$0095D8,$95D8.w,0x08BD8,0x0BBD8,jmp.l,$F91670,jmp.l,$F91670,JA,8,0,0
363,$0095DE,$95DE.w,0x08BDE,0x0BBDE,jmp.l,$F911B6,jmp.l,$01427E,nej,2,2,3
364,$0095E4,$95E4.w,0x08BE4,0x0BBE4,jmp.l,$F912B0,jmp.l,$010F96,nej,0,1,1
365,$0095EA,$95EA.w,0x08BEA,0x0BBEA,jmp.l,$F90BA0,jmp.l,$F90BA0,JA,4,0,1
366,$0095F0,$95F0.w,0x08BF0,0x0BBF0,jmp.l,$F90A88,jmp.l,$F90A88,JA,0,0,0
367,$0095F6,$95F6.w,0x08BF6,0x0BBF6,jmp.l,$F913DE,jmp.l,$F913DE,JA,2,0,1
368,$0095FC,$95FC.w,0x08BFC,0x0BBFC,jmp.l,$F9165C,jmp.l,$F9165C,JA,2,0,0
369,$009602,$9602.w,0x08C02,0x0BC02,jmp.l,$F91418,jmp.l,$F91418,JA,7,0,1
370,$009608,$9608.w,0x08C08,0x0BC08,jmp.l,$F9131A,jmp.l,$F9131A,JA,6,0,0
371,$00960E,$960E.w,0x08C0E,0x0BC0E,jmp.l,$F914BC,jmp.l,$014480,nej,3,0,2
372,$009614,$9614.w,0x08C14,0x0BC14,jmp.l,$F90910,jmp.l,$F90910,JA,1,0,0
373,$00961A,$961A.w,0x08C1A,0x0BC1A,jmp.l,$F90976,jmp.l,$013FF2,nej,1,0,2
374,$009620,$9620.w,0x08C20,0x0BC20,jmp.l,$F90BF6,jmp.l,$F90BF6,JA,1,0,0
375,$009626,$9626.w,0x08C26,0x0BC26,jmp.l,$F9116C,jmp.l,$F9116C,JA,1,0,0
376,$00962C,$962C.w,0x08C2C,0x0BC2C,jmp.l,$F90BBE,jmp.l,$F90BBE,JA,1,0,0
377,$009632,$9632.w,0x08C32,0x0BC32,jmp.l,$F909B6,jmp.l,$0113C6,nej,0,0,0
378,$009638,$9638.w,0x08C38,0x0BC38,jmp.l,$F916F6,jmp.l,$F916F6,JA,1,0,0
379,$00963E,$963E.w,0x08C3E,0x0BC3E,jmp.l,$F91390,jmp.l,$F91390,JA,0,0,0
380,$009644,$9644.w,0x08C44,0x0BC44,jmp.l,$F91394,jmp.l,$F91394,JA,0,0,0
381,$00964A,$964A.w,0x08C4A,0x0BC4A,jmp.l,$F91432,jmp.l,$01109A,nej,1,0,0
382,$009650,$9650.w,0x08C50,0x0BC50,jmp.l,$F90890,jmp.l,$F90890,JA,0,1,20
383,$009656,$9656.w,0x08C56,0x0BC56,jmp.l,$F914B6,jmp.l,$F914B6,JA,4,0,0
384,$00965C,$965C.w,0x08C5C,0x0BC5C,jmp.l,$F915AC,jmp.l,$F915AC,JA,0,0,0
385,$009662,$9662.w,0x08C62,0x0BC62,jmp.l,$F90C14,jmp.l,$0110A6,nej,0,0,0
386,$009668,$9668.w,0x08C68,0x0BC68,jmp.l,$F9161C,jmp.l,$0143D8,nej,0,0,1
387,$00966E,$966E.w,0x08C6E,0x0BC6E,jmp.l,$00DAB6,jmp.l,$0117E8,nej,0,0,0
388,$009674,$9674.w,0x08C74,0x0BC74,jmp.l,$F91068,jmp.l,$01179C,nej,0,0,1
389,$00967A,$967A.w,0x08C7A,0x0BC7A,jmp.l,$F91760,jmp.l,$F91760,JA,0,0,4
390,$009680,$9680.w,0x08C80,0x0BC80,jmp.l,$F90D5C,jmp.l,$011492,nej,0,0,3
391,$009686,$9686.w,0x08C86,0x0BC86,jmp.l,$00DAB6,jmp.l,$0141A0,nej,0,0,1
392,$00968C,$968C.w,0x08C8C,0x0BC8C,jmp.l,$F910B6,jmp.l,$F910B6,JA,0,0,1
393,$009692,$9692.w,0x08C92,0x0BC92,jmp.l,$F910DE,jmp.l,$0141F0,nej,0,0,1
394,$009698,$9698.w,0x08C98,0x0BC98,jmp.l,$F90DEC,jmp.l,$011518,nej,0,0,1
395,$00969E,$969E.w,0x08C9E,0x0BC9E,jmp.l,$F90F0A,jmp.l,$011632,nej,4,0,3
396,$0096A4,$96A4.w,0x08CA4,0x0BCA4,jmp.l,$F908F4,jmp.l,$011336,nej,0,0,0
397,$0096AA,$96AA.w,0x08CAA,0x0BCAA,jmp.l,$F9114A,jmp.l,$01114C,nej,0,0,1
398,$0096B0,$96B0.w,0x08CB0,0x0BCB0,jmp.l,$F917D0,jmp.l,$F917EE,nej,0,0,0
399,$0096B6,$96B6.w,0x08CB6,0x0BCB6,jmp.l,$F91802,jmp.l,$0119A8,nej,0,0,0
400,$0096BC,$96BC.w,0x08CBC,0x0BCBC,jmp.l,$F917B8,jmp.l,$011988,nej,0,0,0
401,$0096C2,$96C2.w,0x08CC2,0x0BCC2,jmp.l,$F917C4,jmp.l,$011A6A,nej,0,0,0
402,$0096C8,$96C8.w,0x08CC8,0x0BCC8,jmp.l,$F91892,jmp.l,$0117EA,nej,0,0,0
403,$0096CE,$96CE.w,0x08CCE,0x0BCCE,jmp.l,$F91AA6,jmp.l,$F91AA6,JA,0,0,0
404,$0096D4,$96D4.w,0x08CD4,0x0BCD4,jmp.l,$F91ADE,jmp.l,$F91ADE,JA,0,0,0
405,$0096DA,$96DA.w,0x08CDA,0x0BCDA,jmp.l,$F91AF8,jmp.l,$F91AF8,JA,0,0,0
406,$0096E0,$96E0.w,0x08CE0,0x0BCE0,jmp.l,$F91B06,jmp.l,$F91B06,JA,0,0,0
407,$0096E6,$96E6.w,0x08CE6,0x0BCE6,jmp.l,$F91BE0,jmp.l,$F91BE0,JA,0,0,0
408,$0096EC,$96EC.w,0x08CEC,0x0BCEC,jmp.l,$F91CA8,jmp.l,$F91CA8,JA,0,0,0
409,$0096F2,$96F2.w,0x08CF2,0x0BCF2,jmp.l,$F91C18,jmp.l,$F91C18,JA,0,0,0
410,$0096F8,$96F8.w,0x08CF8,0x0BCF8,jmp.l,$F91C2A,jmp.l,$F91C2A,JA,0,0,0
411,$0096FE,$96FE.w,0x08CFE,0x0BCFE,jmp.l,$F91C78,jmp.l,$011960,nej,0,0,0
412,$009704,$9704.w,0x08D04,0x0BD04,jmp.l,$F91FD4,jmp.l,$F91FD4,JA,1,0,1
413,$00970A,$970A.w,0x08D0A,0x0BD0A,jmp.l,$F91EFE,jmp.l,$F91EFE,JA,2,0,0
414,$009710,$9710.w,0x08D10,0x0BD10,jmp.l,$F91DAC,jmp.l,$F91DAC,JA,13,0,0
415,$009716,$9716.w,0x08D16,0x0BD16,jmp.l,$F91D9C,jmp.l,$F91D9C,JA,9,0,1
416,$00971C,$971C.w,0x08D1C,0x0BD1C,jmp.l,$F9207A,jmp.l,$F9207A,JA,1,0,0
417,$009722,$9722.w,0x08D22,0x0BD22,jmp.l,$F91FF2,jmp.l,$F91FF2,JA,1,0,0
418,$009728,$9728.w,0x08D28,0x0BD28,jmp.l,$F91D46,jmp.l,$F91D46,JA,3,0,0
419,$00972E,$972E.w,0x08D2E,0x0BD2E,jmp.l,$F9189C,jmp.l,$F9189C,JA,1,0,1
420,$009734,$9734.w,0x08D34,0x0BD34,jmp.l,$F92038,jmp.l,$F92038,JA,1,0,1
421,$00973A,$973A.w,0x08D3A,0x0BD3A,jmp.l,$F91AC8,jmp.l,$F91AC8,JA,1,0,1
422,$009740,$9740.w,0x08D40,0x0BD40,jmp.l,$F9190E,jmp.l,$F9190E,JA,1,0,1
423,$009746,$9746.w,0x08D46,0x0BD46,jmp.l,$F91E34,jmp.l,$F91E34,JA,2,0,0
424,$00974C,$974C.w,0x08D4C,0x0BD4C,jmp.l,$F9177A,jmp.l,$F9177A,JA,1,0,1
425,$009752,$9752.w,0x08D52,0x0BD52,jmp.l,$F917F6,jmp.l,$F917F6,JA,0,0,1
426,$009758,$9758.w,0x08D58,0x0BD58,jmp.l,$F918B4,jmp.l,$F918B4,JA,1,0,0
427,$00975E,$975E.w,0x08D5E,0x0BD5E,jmp.l,$F9191A,jmp.l,$F9191A,JA,1,0,1
428,$009764,$9764.w,0x08D64,0x0BD64,jmp.l,$F919D2,jmp.l,$F919D2,JA,1,0,0
429,$00976A,$976A.w,0x08D6A,0x0BD6A,jmp.l,$F91CC6,jmp.l,$011952,nej,2,0,0
430,$009770,$9770.w,0x08D70,0x0BD70,jmp.l,$F91EAA,jmp.l,$011940,nej,0,0,0
431,$009776,$9776.w,0x08D76,0x0BD76,jmp.l,$F91F38,jmp.l,$F91F38,JA,3,0,0
432,$00977C,$977C.w,0x08D7C,0x0BD7C,jmp.l,$F91FB6,jmp.l,$F91FB6,JA,3,0,0
433,$009782,$9782.w,0x08D82,0x0BD82,jmp.l,$F9200A,jmp.l,$011932,nej,1,0,0
434,$009788,$9788.w,0x08D88,0x0BD88,jmp.l,$F91B10,jmp.l,$F91B10,JA,0,0,0
435,$00978E,$978E.w,0x08D8E,0x0BD8E,jmp.l,$F91954,jmp.l,$F91954,JA,3,0,2
436,$009794,$9794.w,0x08D94,0x0BD94,jmp.l,$F91B8A,jmp.l,$F91B8A,JA,0,0,0
437,$00979A,$979A.w,0x08D9A,0x0BD9A,jmp.l,$F92122,jmp.l,$F92122,JA,3,0,0
438,$0097A0,$97A0.w,0x08DA0,0x0BDA0,jmp.l,$F920F6,jmp.l,$F920F6,JA,1,0,0
439,$0097A6,$97A6.w,0x08DA6,0x0BDA6,jmp.l,$F920E8,jmp.l,$F920E8,JA,1,0,0
440,$0097AC,$97AC.w,0x08DAC,0x0BDAC,jmp.l,$F920D6,jmp.l,$F920D6,JA,2,0,0
441,$0097B2,$97B2.w,0x08DB2,0x0BDB2,jmp.l,$F920B2,jmp.l,$F920B2,JA,2,0,0
442,$0097B8,$97B8.w,0x08DB8,0x0BDB8,jmp.l,$F92186,jmp.l,$F92186,JA,0,0,0
443,$0097BE,$97BE.w,0x08DBE,0x0BDBE,jmp.l,$F92106,jmp.l,$F92106,JA,1,0,0
444,$0097C4,$97C4.w,0x08DC4,0x0BDC4,jmp.l,$F921B8,jmp.l,$F921B8,JA,1,0,0
445,$0097CA,$97CA.w,0x08DCA,0x0BDCA,jmp.l,$F92192,jmp.l,$F92192,JA,4,0,1
446,$0097D0,$97D0.w,0x08DD0,0x0BDD0,jmp.l,$F92180,jmp.l,$F92180,JA,1,0,0
447,$0097D6,$97D6.w,0x08DD6,0x0BDD6,jmp.l,$F9215E,jmp.l,$F9215E,JA,0,0,0
448,$0097DC,$97DC.w,0x08DDC,0x0BDDC,jmp.l,$F9220A,jmp.l,$011B6A,nej,0,0,0
449,$0097E2,$97E2.w,0x08DE2,0x0BDE2,jmp.l,$F9223A,jmp.l,$011B58,nej,0,0,0
450,$0097E8,$97E8.w,0x08DE8,0x0BDE8,jmp.l,$F9224A,jmp.l,$F9224A,JA,7,0,2
451,$0097EE,$97EE.w,0x08DEE,0x0BDEE,jmp.l,$F9237C,jmp.l,$F9237C,JA,5,1,1
452,$0097F4,$97F4.w,0x08DF4,0x0BDF4,jmp.l,$F92262,jmp.l,$F92262,JA,3,0,0
453,$0097FA,$97FA.w,0x08DFA,0x0BDFA,jmp.l,$F92342,jmp.l,$F92342,JA,2,0,0
454,$009800,$9800.w,0x08E00,0x0BE00,jmp.l,$F921D4,jmp.l,$F921D4,JA,0,0,1
455,$009806,$9806.w,0x08E06,0x0BE06,jmp.l,$F921D8,jmp.l,$F921D8,JA,2,0,0
456,$00980C,$980C.w,0x08E0C,0x0BE0C,jmp.l,$F92458,jmp.l,$F92458,JA,13,0,0
457,$009812,$9812.w,0x08E12,0x0BE12,jmp.l,$F9246E,jmp.l,$F9246E,JA,6,0,0
458,$009818,$9818.w,0x08E18,0x0BE18,jmp.l,$F92478,jmp.l,$F92478,JA,40,0,5
459,$00981E,$981E.w,0x08E1E,0x0BE1E,jmp.l,$F9248A,jmp.l,$F9248A,JA,8,1,1
460,$009824,$9824.w,0x08E24,0x0BE24,jmp.l,$F9248E,jmp.l,$F9248E,JA,2,0,0
461,$00982A,$982A.w,0x08E2A,0x0BE2A,jmp.l,$F9249A,jmp.l,$F9249A,JA,2,0,0
462,$009830,$9830.w,0x08E30,0x0BE30,jmp.l,$F924AC,jmp.l,$F924AC,JA,2,0,1
463,$009836,$9836.w,0x08E36,0x0BE36,jmp.l,$F924BC,jmp.l,$F924BC,JA,2,0,0
464,$00983C,$983C.w,0x08E3C,0x0BE3C,jmp.l,$F924C6,jmp.l,$F924C6,JA,2,0,1
465,$009842,$9842.w,0x08E42,0x0BE42,jmp.l,$F9250E,jmp.l,$011A76,nej,3,0,0
466,$00984E,$984E.w,0x08E4E,0x0BE4E,jmp.l,$F92596,jmp.l,$F92596,JA,1,0,0
467,$009854,$9854.w,0x08E54,0x0BE54,jmp.l,$F925C4,jmp.l,$F925C4,JA,2,0,0
468,$00985A,$985A.w,0x08E5A,0x0BE5A,jmp.l,$F925F0,jmp.l,$F925F0,JA,5,1,1
469,$009860,$9860.w,0x08E60,0x0BE60,jmp.l,$F9261C,jmp.l,$F9261C,JA,2,1,1
470,$009866,$9866.w,0x08E66,0x0BE66,jmp.l,$F926CE,jmp.l,$F926CE,JA,2,0,0
471,$00986C,$986C.w,0x08E6C,0x0BE6C,jmp.l,$F926E6,jmp.l,$F926E6,JA,1,0,0
472,$009872,$9872.w,0x08E72,0x0BE72,jmp.l,$F926F8,jmp.l,$F926F8,JA,3,0,0
473,$009878,$9878.w,0x08E78,0x0BE78,jmp.l,$F926FC,jmp.l,$F926FC,JA,3,0,0
474,$00987E,$987E.w,0x08E7E,0x0BE7E,jmp.l,$F9270C,jmp.l,$F9270C,JA,2,0,0
475,$009884,$9884.w,0x08E84,0x0BE84,jmp.l,$F92718,jmp.l,$F92718,JA,0,0,0
476,$00988A,$988A.w,0x08E8A,0x0BE8A,jmp.l,$F92724,jmp.l,$F92724,JA,1,0,0
477,$009890,$9890.w,0x08E90,0x0BE90,jmp.l,$F9275A,jmp.l,$F9275A,JA,1,0,1
478,$009896,$9896.w,0x08E96,0x0BE96,jmp.l,$F92760,jmp.l,$F92760,JA,1,0,0
479,$00989C,$989C.w,0x08E9C,0x0BE9C,jmp.l,$F927F6,jmp.l,$011B8C,nej,0,0,0
480,$0098A2,$98A2.w,0x08EA2,0x0BEA2,jmp.l,$F9298C,jmp.l,$F9298C,JA,0,0,0
481,$0098A8,$98A8.w,0x08EA8,0x0BEA8,jmp.l,$F929D2,jmp.l,$F929D2,JA,0,0,0
482,$0098AE,$98AE.w,0x08EAE,0x0BEAE,jmp.l,$F92A04,jmp.l,$F92A04,JA,0,0,0
483,$0098B4,$98B4.w,0x08EB4,0x0BEB4,jmp.l,$F92A4A,jmp.l,$F92A4A,JA,3,0,0
484,$0098BA,$98BA.w,0x08EBA,0x0BEBA,jmp.l,$00DAB8,jmp.l,$011AAE,nej,0,0,0
485,$0098C0,$98C0.w,0x08EC0,0x0BEC0,jmp.l,$F92B0A,jmp.l,$F92B0A,JA,0,1,1
486,$0098C6,$98C6.w,0x08EC6,0x0BEC6,jmp.l,$00DACC,jmp.l,$011B76,nej,0,0,0
487,$0098CC,$98CC.w,0x08ECC,0x0BECC,jmp.l,$F92CE2,jmp.l,$F92CE2,JA,0,0,0
488,$0098D2,$98D2.w,0x08ED2,0x0BED2,jmp.l,$F92D22,jmp.l,$F92D22,JA,0,0,0
489,$0098D8,$98D8.w,0x08ED8,0x0BED8,jmp.l,$F92D48,jmp.l,$F92D48,JA,0,0,0
490,$0098DE,$98DE.w,0x08EDE,0x0BEDE,jmp.l,$F92D66,jmp.l,$011C2E,nej,0,0,0
491,$0098E4,$98E4.w,0x08EE4,0x0BEE4,jmp.l,$F92DD6,jmp.l,$F92DD6,JA,0,0,0
492,$0098EA,$98EA.w,0x08EEA,0x0BEEA,jmp.l,$F92DE0,jmp.l,$011BCC,nej,1,0,0
493,$0098F0,$98F0.w,0x08EF0,0x0BEF0,jmp.l,$F92E2A,jmp.l,$F92E2A,JA,0,0,0
494,$0098F6,$98F6.w,0x08EF6,0x0BEF6,jmp.l,$F92E8A,jmp.l,$011AC2,nej,0,0,0
495,$0098FC,$98FC.w,0x08EFC,0x0BEFC,jmp.l,$F92E94,jmp.l,$F92E94,JA,0,1,2
496,$009902,$9902.w,0x08F02,0x0BF02,jmp.l,$F92EB0,jmp.l,$F92EB0,JA,0,1,1
497,$009908,$9908.w,0x08F08,0x0BF08,jmp.l,$F92EB4,jmp.l,$F92EB4,JA,1,0,0
498,$00990E,$990E.w,0x08F0E,0x0BF0E,jmp.l,$F92ED2,jmp.l,$F92ED2,JA,0,0,0
499,$009914,$9914.w,0x08F14,0x0BF14,jmp.l,$F92EA8,jmp.l,$F92EA8,JA,0,0,1
500,$00991A,$991A.w,0x08F1A,0x0BF1A,jmp.l,$F92F08,jmp.l,$F92F08,JA,0,0,0
501,$009920,$9920.w,0x08F20,0x0BF20,jmp.l,$F92F34,jmp.l,$F92F34,JA,0,0,0
502,$009926,$9926.w,0x08F26,0x0BF26,jmp.l,$F92F82,jmp.l,$F92F82,JA,1,0,0
503,$00992C,$992C.w,0x08F2C,0x0BF2C,jmp.l,$F923D4,jmp.l,$F923D4,JA,1,0,0
504,$009932,$9932.w,0x08F32,0x0BF32,jmp.l,$F923D8,jmp.l,$F923D8,JA,3,0,0
505,$009938,$9938.w,0x08F38,0x0BF38,jmp.l,$F924EC,jmp.l,$F924EC,JA,9,0,1
506,$00993E,$993E.w,0x08F3E,0x0BF3E,jmp.l,$F924D8,jmp.l,$F924D8,JA,7,0,0
507,$009944,$9944.w,0x08F44,0x0BF44,jmp.l,$F924F2,jmp.l,$F924F2,JA,1,0,0
508,$00994A,$994A.w,0x08F4A,0x0BF4A,jmp.l,$F925FC,jmp.l,$F925FC,JA,1,0,0
509,$009950,$9950.w,0x08F50,0x0BF50,jmp.l,$F92616,jmp.l,$F92616,JA,3,0,0
510,$009956,$9956.w,0x08F56,0x0BF56,jmp.l,$F9260E,jmp.l,$F9260E,JA,2,0,2
511,$00995C,$995C.w,0x08F5C,0x0BF5C,jmp.l,$F9264E,jmp.l,$F9264E,JA,0,0,0
512,$009962,$9962.w,0x08F62,0x0BF62,jmp.l,$F92652,jmp.l,$F92652,JA,0,0,0
513,$009968,$9968.w,0x08F68,0x0BF68,jmp.l,$F92A42,jmp.l,$F92A42,JA,3,0,0
514,$00996E,$996E.w,0x08F6E,0x0BF6E,jmp.l,$F92CB2,jmp.l,$F92CB2,JA,2,1,1
515,$009974,$9974.w,0x08F74,0x0BF74,jmp.l,$00DADE,jmp.l,$011B18,nej,1,0,0
516,$00997A,$997A.w,0x08F7A,0x0BF7A,jmp.l,$F92FB0,jmp.l,$F92FB0,JA,0,0,0
517,$009980,$9980.w,0x08F80,0x0BF80,jmp.l,$F931DE,jmp.l,$F931DE,JA,0,1,1
518,$009986,$9986.w,0x08F86,0x0BF86,jmp.l,$F93298,jmp.l,$F93298,JA,2,0,0
519,$00998C,$998C.w,0x08F8C,0x0BF8C,jmp.l,$F932B8,jmp.l,$F932B8,JA,3,0,0
520,$009992,$9992.w,0x08F92,0x0BF92,jmp.l,$F932D6,jmp.l,$F932D6,JA,1,0,0
521,$009998,$9998.w,0x08F98,0x0BF98,jmp.l,$F932FA,jmp.l,$F932FA,JA,2,0,0
522,$00999E,$999E.w,0x08F9E,0x0BF9E,jmp.l,$F9331A,jmp.l,$F9331A,JA,2,0,0
523,$0099A4,$99A4.w,0x08FA4,0x0BFA4,jmp.l,$F93346,jmp.l,$F93346,JA,1,0,0
524,$0099AA,$99AA.w,0x08FAA,0x0BFAA,jmp.l,$F93348,jmp.l,$F93348,JA,4,0,1
525,$0099B0,$99B0.w,0x08FB0,0x0BFB0,jmp.l,$F9334C,jmp.l,$F9334C,JA,1,0,0
526,$0099B6,$99B6.w,0x08FB6,0x0BFB6,jmp.l,$F9337E,jmp.l,$F9337E,JA,1,0,0
527,$0099BC,$99BC.w,0x08FBC,0x0BFBC,jmp.l,$F93392,jmp.l,$F93392,JA,2,0,0
528,$0099C2,$99C2.w,0x08FC2,0x0BFC2,jmp.l,$F93398,jmp.l,$F93398,JA,1,0,0
529,$0099C8,$99C8.w,0x08FC8,0x0BFC8,jmp.l,$F93194,jmp.l,$F93194,JA,2,0,0
530,$0099CE,$99CE.w,0x08FCE,0x0BFCE,jmp.l,$F931B2,jmp.l,$F931B2,JA,1,0,0
531,$0099D4,$99D4.w,0x08FD4,0x0BFD4,jmp.l,$F9316E,jmp.l,$F9316E,JA,2,0,0
532,$0099DA,$99DA.w,0x08FDA,0x0BFDA,jmp.l,$F93148,jmp.l,$F93148,JA,0,1,1
533,$0099E0,$99E0.w,0x08FE0,0x0BFE0,jmp.l,$F93180,jmp.l,$F93180,JA,3,0,0
534,$0099E6,$99E6.w,0x08FE6,0x0BFE6,jmp.l,$F93496,jmp.l,$F93496,JA,0,0,0
535,$0099EC,$99EC.w,0x08FEC,0x0BFEC,jmp.l,$F9348E,jmp.l,$F9348E,JA,0,0,0
536,$0099F2,$99F2.w,0x08FF2,0x0BFF2,jmp.l,$F934AA,jmp.l,$F934AA,JA,0,0,0
537,$0099F8,$99F8.w,0x08FF8,0x0BFF8,jmp.l,$F934D4,jmp.l,$F934D4,JA,0,0,0
538,$0099FE,$99FE.w,0x08FFE,0x0BFFE,jmp.l,$F936B0,jmp.l,$F936B0,JA,2,0,0
539,$009A04,$9A04.w,0x09004,0x0C004,jmp.l,$F935C4,jmp.l,$F935C4,JA,2,0,0
540,$009A0A,$9A0A.w,0x0900A,0x0C00A,jmp.l,$F9366E,jmp.l,$F9366E,JA,2,0,0
541,$009A10,$9A10.w,0x09010,0x0C010,jmp.l,$F935D4,jmp.l,$F935D4,JA,2,0,0
542,$009A16,$9A16.w,0x09016,0x0C016,jmp.l,$F9368C,jmp.l,$F9368C,JA,0,0,0
543,$009A1C,$9A1C.w,0x0901C,0x0C01C,jmp.l,$F936A2,jmp.l,$F936A2,JA,0,0,0
544,$009A22,$9A22.w,0x09022,0x0C022,jmp.l,$F93698,jmp.l,$F93698,JA,0,0,0
545,$009A28,$9A28.w,0x09028,0x0C028,jmp.l,$F9350E,jmp.l,$F9350E,JA,1,0,0
546,$009A2E,$9A2E.w,0x0902E,0x0C02E,jmp.l,$F935FC,jmp.l,$F935FC,JA,2,0,0
547,$009A34,$9A34.w,0x09034,0x0C034,jmp.l,$F93608,jmp.l,$F93608,JA,1,0,0
548,$009A3A,$9A3A.w,0x0903A,0x0C03A,jmp.l,$F93624,jmp.l,$F93624,JA,2,0,0
549,$009A40,$9A40.w,0x09040,0x0C040,jmp.l,$F936CA,jmp.l,$F936CA,JA,2,0,0
550,$009A5C,$9A5C.w,0x0905C,0x0C05C,jmp.l,$F936DE,jmp.l,$F936DE,JA,0,0,0
551,$009A62,$9A62.w,0x09062,0x0C062,jmp.l,$F9375C,jmp.l,$F9375C,JA,0,0,0
552,$009A68,$9A68.w,0x09068,0x0C068,jmp.l,$F93770,jmp.l,$F93770,JA,5,0,0
553,$009A6E,$9A6E.w,0x0906E,0x0C06E,jmp.l,$F9378C,jmp.l,$F9378C,JA,0,0,1
554,$009A74,$9A74.w,0x09074,0x0C074,jmp.l,$F93798,jmp.l,$F93798,JA,0,1,1
555,$009A7A,$9A7A.w,0x0907A,0x0C07A,jmp.l,$F9381C,jmp.l,$011C38,nej,0,0,1
556,$009A80,$9A80.w,0x09080,0x0C080,jmp.l,$F938E0,jmp.l,$F938E0,JA,2,0,0
557,$009A86,$9A86.w,0x09086,0x0C086,jmp.l,$F938E4,jmp.l,$F938E4,JA,2,0,0
558,$009A8C,$9A8C.w,0x0908C,0x0C08C,jmp.l,$F938EE,jmp.l,$F938EE,JA,0,0,0
559,$009A92,$9A92.w,0x09092,0x0C092,jmp.l,$F938F8,jmp.l,$F938F8,JA,0,0,0
560,$009A98,$9A98.w,0x09098,0x0C098,jmp.l,$F93908,jmp.l,$F93908,JA,0,0,0
561,$009A9E,$9A9E.w,0x0909E,0x0C09E,jmp.l,$F9393A,jmp.l,$F9393A,JA,0,0,0
562,$009AA4,$9AA4.w,0x090A4,0x0C0A4,jmp.l,$F93924,jmp.l,$F93924,JA,0,0,0
563,$009AAA,$9AAA.w,0x090AA,0x0C0AA,jmp.l,$F93954,jmp.l,$F93954,JA,0,0,0
564,$009AB0,$9AB0.w,0x090B0,0x0C0B0,jmp.l,$F9399A,jmp.l,$F9399A,JA,0,1,1
565,$009AB6,$9AB6.w,0x090B6,0x0C0B6,jmp.l,$F93958,jmp.l,$F93958,JA,0,0,0
566,$009ABC,$9ABC.w,0x090BC,0x0C0BC,jmp.l,$F93964,jmp.l,$F93964,JA,0,0,0
567,$009AC2,$9AC2.w,0x090C2,0x0C0C2,jmp.l,$F93968,jmp.l,$F93968,JA,0,0,0
568,$009AC8,$9AC8.w,0x090C8,0x0C0C8,jmp.l,$F93974,jmp.l,$F93974,JA,0,0,0
569,$009ACE,$9ACE.w,0x090CE,0x0C0CE,jmp.l,$F93978,jmp.l,$F93978,JA,0,0,0
570,$009AD4,$9AD4.w,0x090D4,0x0C0D4,jmp.l,$F93984,jmp.l,$F93984,JA,0,0,0
571,$009ADA,$9ADA.w,0x090DA,0x0C0DA,jmp.l,$F9398E,jmp.l,$F9398E,JA,0,0,0
572,$009AE0,$9AE0.w,0x090E0,0x0C0E0,jmp.l,$F93A24,jmp.l,$F93A24,JA,0,0,0
573,$009AE6,$9AE6.w,0x090E6,0x0C0E6,jmp.l,$F93A2E,jmp.l,$F93A2E,JA,0,0,0
574,$009AEC,$9AEC.w,0x090EC,0x0C0EC,jmp.l,$F93A38,jmp.l,$F93A38,JA,0,0,0
575,$009AF2,$9AF2.w,0x090F2,0x0C0F2,jmp.l,$F93A3E,jmp.l,$F93A3E,JA,0,0,0
576,$009AF8,$9AF8.w,0x090F8,0x0C0F8,jmp.l,$F93A48,jmp.l,$F93A48,JA,0,0,1
577,$009AFE,$9AFE.w,0x090FE,0x0C0FE,jmp.l,$F93ABC,jmp.l,$F93ABC,JA,0,0,0
578,$009B04,$9B04.w,0x09104,0x0C104,jmp.l,$F93AC8,jmp.l,$F93AC8,JA,1,1,1
579,$009B0A,$9B0A.w,0x0910A,0x0C10A,jmp.l,$F93AEC,jmp.l,$F93AEC,JA,0,0,0
580,$009B10,$9B10.w,0x09110,0x0C110,jmp.l,$F93B38,jmp.l,$F93B38,JA,0,0,2
581,$009B16,$9B16.w,0x09116,0x0C116,jmp.l,$F93B44,jmp.l,$F93B44,JA,0,0,0
582,$009B1C,$9B1C.w,0x0911C,0x0C11C,jmp.l,$F93B70,jmp.l,$011C6C,nej,0,0,0
583,$009B22,$9B22.w,0x09122,0x0C122,jmp.l,$F93C04,jmp.l,$F93C04,JA,0,0,0
584,$009B28,$9B28.w,0x09128,0x0C128,jmp.l,$F93C46,jmp.l,$F93C46,JA,0,0,1
585,$009B2E,$9B2E.w,0x0912E,0x0C12E,jmp.l,$F93C6C,jmp.l,$F93C6C,JA,0,0,0
586,$009B34,$9B34.w,0x09134,0x0C134,jmp.l,$F93C7C,jmp.l,$F93C7C,JA,1,0,0
587,$009B3A,$9B3A.w,0x0913A,0x0C13A,jmp.l,$F93C90,jmp.l,$F93C90,JA,0,0,0
588,$009B40,$9B40.w,0x09140,0x0C140,jmp.l,$F93CA8,jmp.l,$F93CA8,JA,0,0,0
589,$009B46,$9B46.w,0x09146,0x0C146,jmp.l,$F93CB6,jmp.l,$F93CB6,JA,0,0,0
590,$009B4C,$9B4C.w,0x0914C,0x0C14C,jmp.l,$F93CF2,jmp.l,$F93CF2,JA,0,0,0
591,$009B52,$9B52.w,0x09152,0x0C152,jmp.l,$F93D0A,jmp.l,$F93D0A,JA,1,0,0
592,$009B58,$9B58.w,0x09158,0x0C158,jmp.l,$F93D2C,jmp.l,$F93D2C,JA,0,0,0
593,$009B5E,$9B5E.w,0x0915E,0x0C15E,jmp.l,$F93DD6,jmp.l,$F93DD6,JA,0,0,0
594,$009B64,$9B64.w,0x09164,0x0C164,jmp.l,$F93DDC,jmp.l,$F93DDC,JA,2,0,0
595,$009B6A,$9B6A.w,0x0916A,0x0C16A,jmp.l,$F93E1A,jmp.l,$F93E1A,JA,6,0,0
596,$009B70,$9B70.w,0x09170,0x0C170,jmp.l,$F93EC4,jmp.l,$F93EC4,JA,1,0,0
597,$009B76,$9B76.w,0x09176,0x0C176,jmp.l,$F93ED0,jmp.l,$F93ED0,JA,11,1,1
598,$009B7C,$9B7C.w,0x0917C,0x0C17C,jmp.l,$F93EFA,jmp.l,$011C76,nej,2,0,0
599,$009B82,$9B82.w,0x09182,0x0C182,jmp.l,$F93F20,jmp.l,$F93F20,JA,1,0,0
600,$009B88,$9B88.w,0x09188,0x0C188,jmp.l,$F93F4C,jmp.l,$F93F4C,JA,0,0,0
601,$009B8E,$9B8E.w,0x0918E,0x0C18E,jmp.l,$F93F82,jmp.l,$F93F82,JA,0,0,0
602,$009B94,$9B94.w,0x09194,0x0C194,jmp.l,$F93FC0,jmp.l,$F93FC0,JA,0,0,0
603,$009B9A,$9B9A.w,0x0919A,0x0C19A,jmp.l,$F93FAE,jmp.l,$F93FAE,JA,0,0,0
604,$009BA0,$9BA0.w,0x091A0,0x0C1A0,jmp.l,$F93FF4,jmp.l,$F93FF4,JA,0,0,0
605,$009BA6,$9BA6.w,0x091A6,0x0C1A6,jmp.l,$F94000,jmp.l,$F94000,JA,1,0,0
606,$009BAC,$9BAC.w,0x091AC,0x0C1AC,jmp.l,$F9402E,jmp.l,$F9402E,JA,0,0,0
607,$009BB2,$9BB2.w,0x091B2,0x0C1B2,jmp.l,$F94064,jmp.l,$F94064,JA,0,0,0
608,$009BB8,$9BB8.w,0x091B8,0x0C1B8,jmp.l,$F94084,jmp.l,$F94084,JA,0,0,0
609,$009BBE,$9BBE.w,0x091BE,0x0C1BE,jmp.l,$F940A6,jmp.l,$F940A6,JA,0,0,0
610,$009BC4,$9BC4.w,0x091C4,0x0C1C4,jmp.l,$F940EC,jmp.l,$F940EC,JA,0,0,0
611,$009BCA,$9BCA.w,0x091CA,0x0C1CA,jmp.l,$F9411E,jmp.l,$F9411E,JA,0,0,0
612,$009BD0,$9BD0.w,0x091D0,0x0C1D0,jmp.l,$F9418C,jmp.l,$F9418C,JA,0,0,0
613,$009BD6,$9BD6.w,0x091D6,0x0C1D6,jmp.l,$F941AE,jmp.l,$F941AE,JA,0,0,0
614,$009BDC,$9BDC.w,0x091DC,0x0C1DC,jmp.l,$F941CA,jmp.l,$F941CA,JA,0,0,0
615,$009BE2,$9BE2.w,0x091E2,0x0C1E2,jmp.l,$F941DA,jmp.l,$011C80,nej,0,0,0
616,$009BE8,$9BE8.w,0x091E8,0x0C1E8,jmp.l,$F942D2,jmp.l,$011D74,nej,0,0,1
617,$009BEE,$9BEE.w,0x091EE,0x0C1EE,jmp.l,$F942E4,jmp.l,$011D86,nej,1,0,1
618,$009BF4,$9BF4.w,0x091F4,0x0C1F4,jmp.l,$F942F0,jmp.l,$011D92,nej,1,0,0
619,$009BFA,$9BFA.w,0x091FA,0x0C1FA,jmp.l,$F941F4,jmp.l,$011C9C,nej,0,0,1
620,$009C00,$9C00.w,0x09200,0x0C200,jmp.l,$F940C4,jmp.l,$F940C4,JA,0,0,0
621,$009C06,$9C06.w,0x09206,0x0C206,jmp.l,$F940DE,jmp.l,$F940DE,JA,0,0,0
622,$009C38,$9C38.w,0x09238,0x0C238,jmp.l,$F9430C,jmp.l,$011D9E,nej,0,0,0
623,$009C3E,$9C3E.w,0x0923E,0x0C23E,jmp.l,$F94482,jmp.l,$F94482,JA,0,0,0
624,$009C44,$9C44.w,0x09244,0x0C244,jmp.l,$F9448E,jmp.l,$F9448E,JA,0,0,0
625,$009C4A,$9C4A.w,0x0924A,0x0C24A,jmp.l,$F944A8,jmp.l,$F944A8,JA,0,0,0
626,$009C50,$9C50.w,0x09250,0x0C250,jmp.l,$F94520,jmp.l,$F94520,JA,1,0,0
627,$009C56,$9C56.w,0x09256,0x0C256,jmp.l,$F9453A,jmp.l,$F9453A,JA,0,0,0
628,$009C5C,$9C5C.w,0x0925C,0x0C25C,jmp.l,$F94546,jmp.l,$F94546,JA,0,0,0
629,$009C62,$9C62.w,0x09262,0x0C262,jmp.l,$F94552,jmp.l,$F94552,JA,0,0,0
630,$009C68,$9C68.w,0x09268,0x0C268,jmp.l,$F9456C,jmp.l,$F9456C,JA,0,0,0
631,$009C6E,$9C6E.w,0x0926E,0x0C26E,jmp.l,$F945AA,jmp.l,$F945AA,JA,0,0,0
632,$009C74,$9C74.w,0x09274,0x0C274,jmp.l,$F945C2,jmp.l,$F945C2,JA,0,0,0
633,$009C7A,$9C7A.w,0x0927A,0x0C27A,jmp.l,$F945CE,jmp.l,$F945CE,JA,0,0,0
634,$009C80,$9C80.w,0x09280,0x0C280,jmp.l,$F945DA,jmp.l,$F945DA,JA,0,0,0
635,$009C86,$9C86.w,0x09286,0x0C286,jmp.l,$F945F6,jmp.l,$F945F6,JA,0,0,0
636,$009C8C,$9C8C.w,0x0928C,0x0C28C,jmp.l,$F9469A,jmp.l,$F9469A,JA,0,0,0
637,$009C92,$9C92.w,0x09292,0x0C292,jmp.l,$F946A2,jmp.l,$F946A2,JA,0,0,0
638,$009C98,$9C98.w,0x09298,0x0C298,jmp.l,$F94702,jmp.l,$F94702,JA,1,0,0
639,$009C9E,$9C9E.w,0x0929E,0x0C29E,jmp.l,$F9474E,jmp.l,$F9474E,JA,0,0,0
640,$009CA4,$9CA4.w,0x092A4,0x0C2A4,jmp.l,$F9475A,jmp.l,$F9475A,JA,0,0,0
641,$009CAA,$9CAA.w,0x092AA,0x0C2AA,jmp.l,$F94766,jmp.l,$F94766,JA,0,0,0
642,$009CB0,$9CB0.w,0x092B0,0x0C2B0,jmp.l,$F9477A,jmp.l,$F9477A,JA,0,0,0
643,$009CB6,$9CB6.w,0x092B6,0x0C2B6,jmp.l,$F9478C,jmp.l,$F9478C,JA,0,0,0
644,$009CBC,$9CBC.w,0x092BC,0x0C2BC,jmp.l,$F94792,jmp.l,$F94792,JA,0,0,0
645,$009CC2,$9CC2.w,0x092C2,0x0C2C2,jmp.l,$F947E8,jmp.l,$F947E8,JA,0,0,0
646,$009CC8,$9CC8.w,0x092C8,0x0C2C8,jmp.l,$F9480A,jmp.l,$F9480A,JA,0,0,0
647,$009CCE,$9CCE.w,0x092CE,0x0C2CE,jmp.l,$F94856,jmp.l,$F94856,JA,0,0,0
648,$009CD4,$9CD4.w,0x092D4,0x0C2D4,jmp.l,$F94872,jmp.l,$F94872,JA,0,0,0
649,$009CDA,$9CDA.w,0x092DA,0x0C2DA,jmp.l,$F94896,jmp.l,$F94896,JA,0,0,0
650,$009CE0,$9CE0.w,0x092E0,0x0C2E0,jmp.l,$F948D4,jmp.l,$F948D4,JA,0,0,0
651,$009CE6,$9CE6.w,0x092E6,0x0C2E6,jmp.l,$F949AC,jmp.l,$F949AC,JA,0,0,0
652,$009CEC,$9CEC.w,0x092EC,0x0C2EC,jmp.l,$F94AD0,jmp.l,$F94AD0,JA,0,0,0
653,$009CF2,$9CF2.w,0x092F2,0x0C2F2,jmp.l,$007114,jmp.l,$007188,nej,0,1,1
654,$009CF8,$9CF8.w,0x092F8,0x0C2F8,jmp.l,$F94C8E,jmp.l,$F94C8E,JA,0,1,1
655,$009CFE,$9CFE.w,0x092FE,0x0C2FE,jmp.l,$F94C94,jmp.l,$F94C94,JA,1,0,0
656,$009D04,$9D04.w,0x09304,0x0C304,jmp.l,$F94CC4,jmp.l,$F94CC4,JA,0,0,0
657,$009D0A,$9D0A.w,0x0930A,0x0C30A,jmp.l,$F94CC4,jmp.l,$F94CC4,JA,0,0,0
658,$009D10,$9D10.w,0x09310,0x0C310,jmp.l,$F94CFE,jmp.l,$F94CFE,JA,0,0,0
659,$009D16,$9D16.w,0x09316,0x0C316,jmp.l,$F94D08,jmp.l,$F94D08,JA,0,0,0
660,$009D1C,$9D1C.w,0x0931C,0x0C31C,jmp.l,$F94D54,jmp.l,$F94D54,JA,0,0,0
661,$009D22,$9D22.w,0x09322,0x0C322,jmp.l,$F94D5C,jmp.l,$F94D5C,JA,0,0,0
662,$009D28,$9D28.w,0x09328,0x0C328,jmp.l,$F94DA0,jmp.l,$F94DA0,JA,0,0,0
663,$009D2E,$9D2E.w,0x0932E,0x0C32E,jmp.l,$F94DB0,jmp.l,$F94DB0,JA,0,1,1
664,$009D34,$9D34.w,0x09334,0x0C334,jmp.l,$F94DB0,jmp.l,$F94DB0,JA,0,0,0
665,$009D3A,$9D3A.w,0x0933A,0x0C33A,jmp.l,$F94DD2,jmp.l,$F94DD2,JA,0,0,0
666,$009D40,$9D40.w,0x09340,0x0C340,jmp.l,$F94E28,jmp.l,$F94E28,JA,0,0,0
667,$009D46,$9D46.w,0x09346,0x0C346,jmp.l,$F94F3A,jmp.l,$F94F3A,JA,0,0,0
668,$009D4C,$9D4C.w,0x0934C,0x0C34C,jmp.l,$F94F26,jmp.l,$F94F26,JA,4,0,0
669,$009D52,$9D52.w,0x09352,0x0C352,jmp.l,$F94E4E,jmp.l,$F94E4E,JA,0,0,0
670,$009D58,$9D58.w,0x09358,0x0C358,jmp.l,$F94E66,jmp.l,$F94E66,JA,0,0,0
671,$009D5E,$9D5E.w,0x0935E,0x0C35E,jmp.l,$F94D28,jmp.l,$F94D28,JA,0,0,0
672,$009D64,$9D64.w,0x09364,0x0C364,jmp.l,$F94E7C,jmp.l,$F94E7C,JA,0,0,0
673,$009D6A,$9D6A.w,0x0936A,0x0C36A,jmp.l,$00DB1E,jmp.l,$011DA8,nej,0,0,0
674,$009ECC,$9ECC.w,0x094CC,0x0C4CC,jmp.l,$F94F9A,jmp.l,$011DAA,nej,0,0,0
675,$009ED2,$9ED2.w,0x094D2,0x0C4D2,jmp.l,$F95238,jmp.l,$F95238,JA,0,1,1
676,$009ED8,$9ED8.w,0x094D8,0x0C4D8,jmp.l,$F95058,jmp.l,$011DBC,nej,0,0,0
677,$009EDE,$9EDE.w,0x094DE,0x0C4DE,jmp.l,$F950D2,jmp.l,$011DCA,nej,0,0,0
678,$009EE4,$9EE4.w,0x094E4,0x0C4E4,jmp.l,$F95186,jmp.l,$011DD8,nej,0,0,0
679,$009EEA,$9EEA.w,0x094EA,0x0C4EA,jmp.l,$F951F4,jmp.l,$F951F4,JA,0,0,0
680,$009EF0,$9EF0.w,0x094F0,0x0C4F0,jmp.l,$F95076,jmp.l,$F95076,JA,1,0,0
681,$009EF6,$9EF6.w,0x094F6,0x0C4F6,jmp.l,$F950A0,jmp.l,$F950A0,JA,1,0,0
682,$009EFC,$9EFC.w,0x094FC,0x0C4FC,jmp.l,$F951FE,jmp.l,$011E08,nej,2,0,0
683,$009F02,$9F02.w,0x09502,0x0C502,jmp.l,$F95250,jmp.l,$F95250,JA,0,0,0
684,$009F08,$9F08.w,0x09508,0x0C508,jmp.l,$F95288,jmp.l,$011DE6,nej,2,0,0
685,$009F0E,$9F0E.w,0x0950E,0x0C50E,jmp.l,$F95318,jmp.l,$F95318,JA,3,0,0
686,$009F14,$9F14.w,0x09514,0x0C514,jmp.l,$F9532C,jmp.l,$F9532C,JA,2,0,0
687,$009F1A,$9F1A.w,0x0951A,0x0C51A,jmp.l,$F951EA,jmp.l,$F951EA,JA,0,0,0
688,$009F2A,$9F2A.w,0x0952A,0x0C52A,jmp.l,$F95382,jmp.l,$012068,nej,0,1,1
689,$009F30,$9F30.w,0x09530,0x0C530,jmp.l,$00DB20,jmp.l,$011E20,nej,0,1,1
690,$009F36,$9F36.w,0x09536,0x0C536,jmp.l,$F954F2,jmp.l,$011EFA,nej,0,1,1
691,$009F3C,$9F3C.w,0x0953C,0x0C53C,jmp.l,$F9547C,jmp.l,$011E96,nej,0,1,1
692,$009F42,$9F42.w,0x09542,0x0C542,jmp.l,$F955E4,jmp.l,$F955E4,JA,0,0,0
693,$009F48,$9F48.w,0x09548,0x0C548,jmp.l,$F954E0,jmp.l,$F954E0,JA,2,0,2
694,$009F4E,$9F4E.w,0x0954E,0x0C54E,jmp.l,$F95466,jmp.l,$F95466,JA,2,1,2
695,$009F54,$9F54.w,0x09554,0x0C554,jmp.l,$F95432,jmp.l,$F95432,JA,2,1,2
696,$009F5A,$9F5A.w,0x0955A,0x0C55A,jmp.l,$F95414,jmp.l,$F95414,JA,3,1,3
697,$009F60,$9F60.w,0x09560,0x0C560,jmp.l,$00DB7E,jmp.l,$011E8C,nej,1,0,0
698,$009F66,$9F66.w,0x09566,0x0C566,jmp.l,$F955F0,jmp.l,$F955F0,JA,2,1,1
699,$009F6C,$9F6C.w,0x0956C,0x0C56C,jmp.l,$F95730,jmp.l,$F95730,JA,1,0,1
700,$009F72,$9F72.w,0x09572,0x0C572,jmp.l,$F95800,jmp.l,$F95800,JA,0,0,0
701,$009F78,$9F78.w,0x09578,0x0C578,jmp.l,$F9579C,jmp.l,$F9579C,JA,1,0,0
702,$009F7E,$9F7E.w,0x0957E,0x0C57E,jmp.l,$F957C0,jmp.l,$F957C0,JA,1,0,0
703,$009F84,$9F84.w,0x09584,0x0C584,jmp.l,$F957DE,jmp.l,$F957DE,JA,1,0,0
704,$009F8A,$9F8A.w,0x0958A,0x0C58A,jmp.l,$F95810,jmp.l,$F95810,JA,0,0,0
705,$009F90,$9F90.w,0x09590,0x0C590,jmp.l,$F9584A,jmp.l,$F9584A,JA,4,0,0
706,$009F96,$9F96.w,0x09596,0x0C596,jmp.l,$F95992,jmp.l,$F95992,JA,2,0,0
707,$009F9C,$9F9C.w,0x0959C,0x0C59C,jmp.l,$F957D0,jmp.l,$F957D0,JA,0,0,0
708,$009FA2,$9FA2.w,0x095A2,0x0C5A2,jmp.l,$F956F6,jmp.l,$F956F6,JA,1,0,0
709,$009FA8,$9FA8.w,0x095A8,0x0C5A8,jmp.l,$F959CC,jmp.l,$F959CC,JA,0,0,3
710,$009FAE,$9FAE.w,0x095AE,0x0C5AE,jmp.l,$F95A9E,jmp.l,$F95A9E,JA,0,1,1
711,$009FB4,$9FB4.w,0x095B4,0x0C5B4,jmp.l,$F95AF0,jmp.l,$F95AF0,JA,0,0,1
712,$009FBA,$9FBA.w,0x095BA,0x0C5BA,jmp.l,$F95A2A,jmp.l,$01209A,nej,0,0,2
713,$009FC0,$9FC0.w,0x095C0,0x0C5C0,jmp.l,$F95B3C,jmp.l,$F95B3C,JA,0,0,6
714,$009FC6,$9FC6.w,0x095C6,0x0C5C6,jmp.l,$F95B48,jmp.l,$F95B48,JA,0,0,1
715,$009FCC,$9FCC.w,0x095CC,0x0C5CC,jmp.l,$F95B8C,jmp.l,$F95B8C,JA,0,0,0
716,$009FD2,$9FD2.w,0x095D2,0x0C5D2,jmp.l,$F95AD0,jmp.l,$F95AD0,JA,0,0,4
717,$009FD8,$9FD8.w,0x095D8,0x0C5D8,jmp.l,$F95BD6,jmp.l,$F95BD6,JA,0,0,0
718,$009FDE,$9FDE.w,0x095DE,0x0C5DE,jmp.l,$F95BFA,jmp.l,$014534,nej,0,0,7
719,$009FE4,$9FE4.w,0x095E4,0x0C5E4,jmp.l,$F95B02,jmp.l,$014556,nej,0,0,2
720,$009FEA,$9FEA.w,0x095EA,0x0C5EA,jmp.l,$F95C24,jmp.l,$F95C24,JA,0,0,0
721,$009FF0,$9FF0.w,0x095F0,0x0C5F0,jmp.l,$F95A0A,jmp.l,$014514,nej,0,0,0
722,$009FF6,$9FF6.w,0x095F6,0x0C5F6,jmp.l,$F959E0,jmp.l,$F959E0,JA,0,0,4
