ctx,t,code,frame,mode_before,mode_after,state_before,state_after,returned_idle,pc_chain,disp_bytes,text_before,text_after
"idle","22.870000","00","80,00","00","00","0000","0000","true","F88FD6>0069BC>F8836C>F88122>0077E8>F8833A","B0 40 7F","JM DIGI 5YN  ?0LUME?99","JM DIGI 5YN  ?0LUME?99"
"idle","22.950700","01","81,00","00","00","0000","0000","true","F8836E>FF8CD0>F88130>F88368>F87FD2>F88FDA","40 00","JM DIGI 5YN  ?0LUME?99","JM DIGI 5YN  ?0LUME?99"
"idle","23.031400","02","82,00","00","00","0000","0000","true","F88368>F8DB74>F88FDA>F8D9AA>007D0E>F8836E","","JM DIGI 5YN  ?0LUME?99","JM DIGI 5YN  ?0LUME?99"
"idle","23.112700","03","83,00","00","00","0000","0000","true","F8836E>F88110>F8833C>007CF4>F88FDA>F8808E","74 0F 74 0E 74 0D 74 0C 74 0B 74 0A 74 09 74 08 78 0F 79 0F 74 07 74 06 74 05 74 04 74 03 74 02 74 01 75 00 74 0F 74 0E 74 0D 74 0C 74 0B 74 0A 74 09 74 08 78 0F 79 0F 78 0E 77 0E 66 46 49 4C 45 20 32 20 20 4A 4D 20 44 49 47 49 20 53 59 4E 20 15 78 0E 77 0E","JM DIGI 5YN  ?0LUME?99","FILE 2  JM DIGI 5YN   "
"idle","23.194750","04","84,00","00","00","0000","0000","true","F88FD0>F8811A>F88364>F8812A>007D36>F88330","","FILE 2  JM DIGI 5YN   ","FILE 2  JM DIGI 5YN   "
"idle","23.275600","05","85,00","00","00","0000","0000","true","F88126>013014>00E64A>F88332>007CF6>F88FD0","74 0F 74 0E 74 0D 74 0C 74 0B 74 0A 74 09 75 08 78 0F 77 05 74 0F 74 0E 74 0D 74 0C 74 0B 74 0A 74 09 75 08 78 0E 66 60 01 74 0F 74 0E 74 0D 74 0C 74 0B 74 0A 74 09 75 08 4A 4D 20 44 49 47 49 20 72 60 01 20 4C 59 52 3D 62 60 03 31 20 72 60 01 20 57 53 3D 41 4C 4C 72","FILE 2  JM DIGI 5YN   ","JM DIGI  LYR?1  W5?ALL"
"idle","23.356600","06","86,00","00","00","0000","0000","true","F88FD4>F88334>FF8CD0>F88130>F88330>F88FD0","74 0F 74 0E 74 0D 74 0C 74 0B 74 0A 74 09 75 08 78 0E 77 0E 66 43 52 45 41 54 45 20 4E 45 57 20 49 4E 53 54 52 55 4D 45 4E 54 78 05 77 0D","JM DIGI  LYR?1  W5?ALL","CREATE NEW IN5TRUMENT "
"idle","23.437600","07","87,00","00","00","0000","0000","true","F8811A>F88332>F8DB62>F88FD0>0068FC>F88334","66 60 01 46 58 3D 62 60 03 49 4E 53 54 20 20 72 60 01 20 43 48 4F 52 2B 52 45 56 2B 44 44 4C 63 72 67 72","CREATE NEW IN5TRUMENT ","FX?IN5T   CH0R?RE??DDL"
"idle","23.518750","08","88,00","00","00","0000","0000","true","F88FDA>F88126>F8836E>0077F8>F8836A>0000A0","74 0F 74 0E 74 0D 74 0C 74 0B 74 0A 74 09 75 08 66 60 01 46 58 3D 62 60 03 49 4E 53 54 20 20 72 60 01 20 43 48 4F 52 2B 52 45 56 2B 44 44 4C 63 72 67 72","FX?IN5T   CH0R?RE??DDL","FX?IN5T   CH0R?RE??DDL"
"idle","23.599750","09","89,00","00","00","0000","0000","true","F884C4>FF87F4>003278>F89A8E>F89A82>F8DA5C","74 0F 74 0E 74 0D 74 0C 74 0B 74 0A 74 09 75 08 78 0E 66 53 41 56 45 20 42 41 4E 4B 20 45 46 46 45 43 54 78 0D 77 0D","FX?IN5T   CH0R?RE??DDL","5A?E BANK EFFECT      "
"idle","23.680600","0A","8A,00","00","00","0000","0000","true","F88FCE>007D00>0077F4>F88332>007CF6>FFB0DA","66 43 4F 50 59 20 43 55 52 52 45 4E 54 20 45 46 46 45 43 54","5A?E BANK EFFECT      ","C0PY CURRENT EFFECT   "
"idle","23.761750","0B","8B,00","00","00","0000","0000","true","F88126>F88334>F88FCC>007CFC>007D36>F88332","66 53 41 56 45 20 42 41 4E 4B 20 45 46 46 45 43 54","C0PY CURRENT EFFECT   ","5A?E BANK EFFECT      "
"idle","23.842600","0C","8C,00","00","00","0000","0000","true","F88FCE>0069AC>007806>F88332>0069BC>F88334","74 0F 74 0E 74 0D 74 0C 74 0B 74 0A 74 09 75 08 7A 05 66 51 55 41 4E 54 49 5A 45 20 54 52 41 43 4B 78 0D 77 0D","5A?E BANK EFFECT      ","QUANTIZE TRACK        "
"idle","23.923750","0D","8D,00","00","00","0000","0000","true","F88116>F97682>F88338>F88FCE>007D30>F87FD2","66 43 4F 50 59 20 54 52 41 43 4B","QUANTIZE TRACK        ","C0PY TRACK            "
"idle","24.004600","0E","8E,00","00","00","0000","0000","true","F88FCE>00E698>007CF6>F88334>0077E2>0077DA","66 43 4F 50 59 20 54 52 41 43 4B","C0PY TRACK            ","C0PY TRACK            "
"idle","24.085750","0F","8F,00","00","00","0000","0000","true","F88334>F88FCE>0077F4>007D0C>F88332>006972","74 0F 74 0E 74 0D 74 0C 74 0B 74 0A 74 09 75 08 7B 05 77 0E 66 43 52 45 41 54 45 20 4E 45 57 20 49 4E 53 54 52 55 4D 45 4E 54 78 0D 77 0D","C0PY TRACK            ","CREATE NEW IN5TRUMENT "
"idle","24.166600","10","90,00","00","00","0000","0000","true","F88FCC>F8808A>F884C4>003EB4>F89A92>F89A36","66 49 4D 50 4F 52 54 20 4E 4F 4E 2D 41 53 52 20 53 4F 55 4E 44 53","CREATE NEW IN5TRUMENT ","IMP0RT N0N-A5R 50UND5 "
"idle","24.247750","11","91,00","00","00","0000","0000","true","013068>007D0E>F88364>0030A6>F8815A>F88FD6","66 43 52 45 41 54 45 20 4E 45 57 20 49 4E 53 54 52 55 4D 45 4E 54","IMP0RT N0N-A5R 50UND5 ","CREATE NEW IN5TRUMENT "
"idle","24.328600","12","92,00","00","00","0000","0000","true","F88FCE>007CF4>007D36>F88332>F97796>FFB172","74 0F 74 0E 74 0D 74 0C 74 0B 74 0A 74 09 75 08 78 0E 7A 0F 77 06 66 4E 4F 20 43 4F 4D 4D 41 4E 44 53 20 4F 4E 20 50 41 47 45 78 0D 77 0D","CREATE NEW IN5TRUMENT ","N0 C0MMAND5 0N PAGE   "
"idle","24.409750","13","93,00","00","00","0000","0000","true","0069BC>F88334>F88FCE>007CF6>F8811A>F88332","","N0 C0MMAND5 0N PAGE   ","N0 C0MMAND5 0N PAGE   "
"idle","24.490600","14","94,00","00","00","0000","0000","true","F88FCE>007D30>F88330>0077DC>F87FD2>F8812E","66 4E 4F 20 43 4F 4D 4D 41 4E 44 53 20 4F 4E 20 50 41 47 45","N0 C0MMAND5 0N PAGE   ","N0 C0MMAND5 0N PAGE   "
"idle","24.571750","15","95,00","00","00","0000","0000","true","0069B2>F976F6>F88334>F88FCE>007CF6>007D36","74 0F 74 0E 74 0D 74 0C 74 0B 74 0A 74 09 75 08 7B 0F 78 06 77 02 66 43 52 45 41 54 45 20 4E 45 57 20 53 45 51 55 45 4E 43 45 20 78 0D 77 0D","N0 C0MMAND5 0N PAGE   ","CREATE NEW 5EQUENCE   "
"idle","24.652600","16","96,00","00","00","0000","0000","true","F88FCE>007D36>F88332>00E698>F97788>F88364","66 43 52 45 41 54 45 20 4E 45 57 20 53 45 51 55 45 4E 43 45 20","CREATE NEW 5EQUENCE   ","CREATE NEW 5EQUENCE   "
"idle","24.733750","17","97,00","00","00","0000","0000","true","FFBC94>00009C>F88336>F88FCE>007D36>007CFA","FC","CREATE NEW 5EQUENCE   ","CREATE NEW 5EQUENCE   "
"idle","24.814600","18","98,00","00","00","0000","0000","true","F88FCE>007CF4>007D36>F88332>F89A9A>F89A76","66 53 41 56 45 20 53 4F 4E 47 20 2B 20 41 4C 4C 20 53 45 51 53","CREATE NEW 5EQUENCE   ","5A?E 50NG ? ALL 5EQ5  "
"idle","24.895600","19","99,00","00","00","0000","0000","true","F88110>F9767E>F88364>F88FCE>0077F4>007D0C","74 0F 74 0E 74 0D 74 0C 74 0B 74 0A 74 09 75 08 78 02 7A 0F 77 06 66 4E 4F 20 43 4F 4D 4D 41 4E 44 53 20 4F 4E 20 50 41 47 45 78 0D 77 0D","5A?E 50NG ? ALL 5EQ5  ","N0 C0MMAND5 0N PAGE   "
"idle","24.976600","1A","9A,00","00","00","0000","0000","true","F88FCE>007D0E>F88332>007818>0069AC>F976EE","78 0D 79 0F 74 07 74 06 74 05 74 04 74 03 74 02 74 01 75 00 74 0F 74 0E 74 0D 74 0C 74 0B 74 0A 74 09 74 08 78 0F 79 0F 74 07 74 06 74 05 74 04 74 03 74 02 74 01 75 00 74 0F 74 0E 74 0D 74 0C 74 0B 74 0A 74 09 74 08 78 0F 79 0F 7B 0F 78 06 77 0E 66 46 49 4C 45 20 32 20 20 4A 4D 20 44 49 47 49 20 53 59 4E 20 15 78 0E 77 0E","N0 C0MMAND5 0N PAGE   ","FILE 2  JM DIGI 5YN   "
"idle","25.057600","1B","9B,00","00","00","0000","0000","true","F8812A>F88334>F88FCE>0077E2>F87FD2>F88332","78 0F 79 0F 78 0E 77 0C 66 4E 4F 20 44 49 53 4B 20 44 49 52 45 43 54 4F 52 49 45 53 20","FILE 2  JM DIGI 5YN   ","N0 DI5K DIRECT0RIE5   "
"idle","25.138600","1C","9C,00","00","00","0000","0000","true","F88FCC>007D02>F88332>00E696>0069B6>F88334","","N0 DI5K DIRECT0RIE5   ","N0 DI5K DIRECT0RIE5   "
"idle","25.219750","1D","9D,00","00","00","0000","0000","true","00E692>F88126>F9768E>F88364>F88FCE>0000A0","FA","N0 DI5K DIRECT0RIE5   ","N0 DI5K DIRECT0RIE5   "
"idle","25.301800","1E","9E,00","00","00","0000","0000","true","00780C>F8836A>013092>007D30>F8833E>F88FD6","","N0 DI5K DIRECT0RIE5   ","N0 DI5K DIRECT0RIE5   "
"idle","25.382650","1F","9F,00","00","00","0000","0000","true","FFB172>F8836E>007D36>F880A6>FB8DA4>F89A38","66 4E 4F 20 53 55 43 48 20 46 49 4C 45 20 78 0F 79 0F","N0 DI5K DIRECT0RIE5   ","N0 5UCH FILE          "
"idle","25.463800","20","A0,00","00","00","0000","0001","true","00009C>F88368>007810>F8DB84>007D36>F88080","74 0F 74 0E 74 0D 74 0C 74 0B 74 0A 74 09 75 08 78 0F 77 0D 78 0C 78 0D 74 0F 74 0E 74 0D 74 0C 74 0B 74 0A 74 09 76 08 66 60 01 52 45 43 20 53 52 43 3D 49 4E 50 55 54 44 52 59 72 60 01 20 62 60 03 4C 45 46 54 20 72","N0 5UCH FILE          ","REC 5RC?INPUTDRY LEFT "
"idle","25.544500","21","A1,00","00","00","0001","0000","true","FF8CD6>00E672>F8833C>0077DC>F88FDA>F8836C","77 0D 74 0F 74 0E 74 0D 74 0C 74 0B 74 0A 74 09 76 08 66 4E 4F 20 43 4F 4D 4D 41 4E 44 53 20 4F 4E 20 50 41 47 45","REC 5RC?INPUTDRY LEFT ","N0 C0MMAND5 0N PAGE   "
"idle","25.625650","22","A2,00","00","00","0000","0000","true","0000A0>F8836E>0077DA>013062>007D00>F8836A","66 4E 4F 20 43 4F 4D 4D 41 4E 44 53 20 4F 4E 20 50 41 47 45","N0 C0MMAND5 0N PAGE   ","N0 C0MMAND5 0N PAGE   "
"idle","25.706350","23","A3,00","00","00","0000","0000","true","F88122>F88368>00E698>F88FDC>F8836C>FF8CC4","66 4E 4F 20 43 4F 4D 4D 41 4E 44 53 20 4F 4E 20 50 41 47 45","N0 C0MMAND5 0N PAGE   ","N0 C0MMAND5 0N PAGE   "
"idle","25.787650","24","A4,00","00","00","0000","0000","true","F8836E>0069C2>F88368>00E692>F88FDA>FF8CD0","74 0F 74 0E 74 0D 74 0C 74 0B 74 0A 74 09 76 08 78 0C 77 08 66 43 52 45 41 54 45 20 4E 45 57 20 57 41 56 45 53 41 4D 50 4C 45 78 0D 77 0D","N0 C0MMAND5 0N PAGE   ","CREATE NEW WA?E5AMPLE "
"idle","25.868350","25","A5,00","00","00","0000","0000","true","FF8CBA>0077D0>F88332>F8DB6A>F88FD0>006954","66 42 49 44 49 52 45 43 54 49 4F 4E 41 4C 20 58 2D 46 41 44 45 20","CREATE NEW WA?E5AMPLE ","BIDIRECTI0NAL X-FADE  "
"recsrc","26.809650","00","80,00","00","00","0001","0001","true","0077F2>F88366>007D30>F87FD2>0077DA>FC60B6","40 7F","REC 5RC?INPUTDRY LEFT ","REC 5RC?INPUTDRY LEFT "
"recsrc","27.270350","01","81,00","00","00","0001","0001","true","F8812A>F8836E>FF8CBA>0077D0>F8836A>F88370","","REC 5RC?INPUTDRY LEFT ","REC 5RC?INPUTDRY LEFT "
"recsrc","27.731050","02","82,00","00","00","0001","0001","true","007D02>007CF2>F8836A>0077E6>002EDA>0069BC","","REC 5RC?INPUTDRY LEFT ","REC 5RC?INPUTDRY LEFT "
"recsrc","28.191750","03","83,00","00","00","0001","0001","true","0069DE>F8836C>0069E4>007D04>F8836A>0069A6","","REC 5RC?INPUTDRY LEFT ","REC 5RC?INPUTDRY LEFT "
"recsrc","28.652600","04","84,00","00","00","0001","0001","true","F8811A>F88368>F97796>F87FD2>0069BC>F8836E","","REC 5RC?INPUTDRY LEFT ","REC 5RC?INPUTDRY LEFT "
"recsrc","29.113600","05","85,00","00","00","0001","0001","true","0069DE>F8810C>F88332>FFB0DA>F8808E>F88366","","  ?                   ","  ?                   "
"recsrc","29.574750","06","86,00","00","00","0001","0000","true","F88FDA>F8810E>F8836E>F88122>0077EA>F8836A","77 0D 74 0F 74 0E 74 0D 74 0C 74 0B 74 0A 74 09 76 08 66 42 49 44 49 52 45 43 54 49 4F 4E 41 4C 20 58 2D 46 41 44 45 20 74 0F 74 0E 74 0D 74 0C 74 0B 74 0A 74 09 76 08 78 08 77 08 66 42 49 44 49 52 45 43 54 49 4F 4E 41 4C 20 58 2D 46 41 44 45 20 78 0D 77 0D","REC 5RC?INPUTDRY LEFT ","BIDIRECTI0NAL X-FADE  "
"recsrc","30.035600","07","87,00","00","00","0001","0000","true","F87FD2>007200>F976FE>F8836A>F8DB7C>007812","77 0D 74 0F 74 0E 74 0D 74 0C 74 0B 74 0A 74 09 76 08 66 42 49 44 49 52 45 43 54 49 4F 4E 41 4C 20 58 2D 46 41 44 45 20 66 60 01 46 58 3D 62 60 03 49 4E 53 54 20 20 72 60 01 20 43 48 4F 52 2B 52 45 56 2B 44 44 4C 63 72 67 72","REC 5RC?INPUTDRY LEFT ","FX?IN5T   CH0R?RE??DDL"
"recsrc","30.496750","08","88,00","00","00","0001","0001","true","F87FD2>0069BC>F8836E>00E694>F884C4>002F32","","REC 5RC?INPUTDRY LEFT ","REC 5RC?INPUTDRY LEFT "
"recsrc","30.957900","09","89,00","00","00","0001","0000","true","0077FE>F88364>007802>00009C>0077E8>F88336","77 0D 74 0F 74 0E 74 0D 74 0C 74 0B 74 0A 74 09 76 08 66 42 49 44 49 52 45 43 54 49 4F 4E 41 4C 20 58 2D 46 41 44 45 20 74 0F 74 0E 74 0D 74 0C 74 0B 74 0A 74 09 76 08 78 08 66 53 41 56 45 20 42 41 4E 4B 20 45 46 46 45 43 54 78 0D 77 0D","REC 5RC?INPUTDRY LEFT ","5A?E BANK EFFECT      "
"recsrc","31.418600","0A","8A,00","00","01","0001","0001","true","F88FD6>007D10>007CF6>F8836A>F8836E>F976F6","74 0F 74 0E 74 0D 74 0C 74 0B 74 0A 74 09 76 08 63 52 49 47 48 54 72","REC 5RC?INPUTDRY LEFT ","REC 5RC?INPUTDRY LEFT "
"recsrc","31.879750","0B","8B,00","01","00","0001","0001","true","F97718>F8DB84>F8836E>002F86>004C32>005A26","74 0F 74 0E 74 0D 74 0C 74 0B 74 0A 74 09 76 08 63 4C 45 46 54 20 72","REC 5RC?INPUTDRY RIGHT","REC 5RC?INPUTDRY RIGHT"
"recsrc","32.340600","0C","8C,00","00","00","0001","0000","true","007816>F87FD2>F8836A>F8833E>FF8CD0>F88130","77 0D 74 0F 74 0E 74 0D 74 0C 74 0B 74 0A 74 09 76 08 66 53 41 56 45 20 42 41 4E 4B 20 45 46 46 45 43 54 74 0F 74 0E 74 0D 74 0C 74 0B 74 0A 74 09 76 08 7A 05 66 43 4F 50 59 20 41 55 44 49 4F 20 54 52 41 43 4B 78 0D 77 0D","REC 5RC?INPUTDRY LEFT ","C0PY AUDI0 TRACK      "
"recsrc","32.801600","0D","8D,00","00","00","0001","0000","true","0069BC>F8836C>62BCAA>F88FD4>007CFC>007CF6","77 0D 74 0F 74 0E 74 0D 74 0C 74 0B 74 0A 74 09 76 08 66 43 4F 50 59 20 41 55 44 49 4F 20 54 52 41 43 4B 74 0F 74 0E 74 0D 74 0C 74 0B 74 0A 74 09 76 08 7B 05 7A 0F 77 0A 66 4E 4F 20 43 4F 4D 4D 41 4E 44 53 20 4F 4E 20 50 41 47 45 78 0D 77 0D","REC 5RC?INPUTDRY LEFT ","N0 C0MMAND5 0N PAGE   "
"recsrc","33.262600","0E","8E,00","00","00","0001","0001","true","00780A>F88368>F88142>002B3A>F8836E>0069C2","","REC 5RC?INPUTDRY LEFT ","REC 5RC?INPUTDRY LEFT "
"recsrc","33.723750","0F","8F,00","00","00","0001","0000","true","007816>F88334>F976F0>0077DC>F88364>F87FD2","77 0D 74 0F 74 0E 74 0D 74 0C 74 0B 74 0A 74 09 76 08 66 4E 4F 20 43 4F 4D 4D 41 4E 44 53 20 4F 4E 20 50 41 47 45 74 0F 74 0E 74 0D 74 0C 74 0B 74 0A 74 09 76 08 7B 0F 78 0A 77 0E 66 43 52 45 41 54 45 20 4E 45 57 20 49 4E 53 54 52 55 4D 45 4E 54 78 0D 77 0D","REC 5RC?INPUTDRY LEFT ","CREATE NEW IN5TRUMENT "
"recsrc","34.184600","10","90,00","00","00","0001","0001","true","007816>007804>F88366>F8836E>007D0C>F8836A","00 60 01 52 45 43 20 53 52 43 3D 62 60 03 49 4E 50 55 54 44 52 59 72 60 01 20 4C 45 46 54 20 72","REC 5RC?INPUTDRY LEFT ","REC 5RC?INPUTDRY LEFT "
"recsrc","34.645600","11","91,00","00","00","0001","0001","true","F8836E>F88FD6>007CF6>0077F4>F8816E>0041DE","66 60 01 50 49 43 4B 20 53 41 4D 50 4C 45 20 49 4E 53 54 52 55 4D 45 4E 54 62 72","REC 5RC?INPUTDRY LEFT ","PICK 5AMPLE IN5TRUMENT"
"recsrc","35.106600","12","92,00","00","00","0001","0000","true","01306A>007D10>007CF6>F8836A>0077E6>006982","77 0D 74 0F 74 0E 74 0D 74 0C 74 0B 74 0A 74 09 76 08 66 43 52 45 41 54 45 20 4E 45 57 20 49 4E 53 54 52 55 4D 45 4E 54 74 0F 74 0E 74 0D 74 0C 74 0B 74 0A 74 09 76 08 78 0E 7A 0F 77 06 66 4E 4F 20 43 4F 4D 4D 41 4E 44 53 20 4F 4E 20 50 41 47 45 78 0D 77 0D","REC 5RC?INPUTDRY LEFT ","N0 C0MMAND5 0N PAGE   "
"recsrc","35.567750","13","93,00","00","00","0001","0000","true","F8836C>007D10>F8836A>F87FD2>00E690>F97776","77 0D 74 0F 74 0E 74 0D 74 0C 74 0B 74 0A 74 09 76 08 66 4E 4F 20 43 4F 4D 4D 41 4E 44 53 20 4F 4E 20 50 41 47 45 74 0F 74 0E 74 0D 74 0C 74 0B 74 0A 74 09 76 08 7B 0F 78 06 7A 0F 77 06 66 4E 4F 20 43 4F 4D 4D 41 4E 44 53 20 4F 4E 20 50 41 47 45 78 0D 77 0D","REC 5RC?INPUTDRY LEFT ","N0 C0MMAND5 0N PAGE   "
"recsrc","36.028600","14","94,00","00","00","0001","0001","true","F88FD6>0077F4>F8811A>F88368>0071F0>F9772A","","REC 5RC?INPUTDRY LEFT ","REC 5RC?INPUTDRY LEFT "
"recsrc","36.489750","15","95,00","00","00","0001","0000","true","F97796>007D04>F88334>F88FD0>F88364>F8811A","77 0D 74 0F 74 0E 74 0D 74 0C 74 0B 74 0A 74 09 76 08 66 4E 4F 20 43 4F 4D 4D 41 4E 44 53 20 4F 4E 20 50 41 47 45 74 0F 74 0E 74 0D 74 0C 74 0B 74 0A 74 09 76 08 7B 0F 78 06 77 02 66 53 41 56 45 20 53 4F 4E 47 20 2B 20 41 4C 4C 20 53 45 51 53 78 0D 77 0D","REC 5RC?INPUTDRY LEFT ","5A?E 50NG ? ALL 5EQ5  "
"recsrc","36.950600","16","96,00","00","00","0001","0001","true","007818>F8836A>007CFA>F8833E>FF8CD6>F88134","","REC 5RC?INPUTDRY LEFT ","REC 5RC?INPUTDRY LEFT "
"recsrc","37.411600","17","97,00","00","00","0001","0001","true","F87FD2>007816>00E694>F88364>007D30>007812","","REC 5RC?INPUTDRY LEFT ","REC 5RC?INPUTDRY LEFT "
"recsrc","37.872600","18","98,00","00","00","0001","0000","true","F88134>F8836C>F8B318>00E696>F88126>0077F0","77 0D 74 0F 74 0E 74 0D 74 0C 74 0B 74 0A 74 09 76 08 66 53 41 56 45 20 53 4F 4E 47 20 2B 20 41 4C 4C 20 53 45 51 53 74 0F 74 0E 74 0D 74 0C 74 0B 74 0A 74 09 76 08 78 02 77 0A 66 45 44 49 54 20 50 49 54 43 48 20 54 41 42 4C 45 78 0D 77 0D","REC 5RC?INPUTDRY LEFT ","EDIT PITCH TABLE      "
"recsrc","38.333600","19","99,00","00","00","0001","0000","true","F88122>F8833A>F88FDA>F8812A>F8836E>F88116","77 0D 74 0F 74 0E 74 0D 74 0C 74 0B 74 0A 74 09 76 08 66 45 44 49 54 20 50 49 54 43 48 20 54 41 42 4C 45 74 0F 74 0E 74 0D 74 0C 74 0B 74 0A 74 09 76 08 78 0A 7A 0F 77 06 66 4E 4F 20 43 4F 4D 4D 41 4E 44 53 20 4F 4E 20 50 41 47 45 78 0D 77 0D","REC 5RC?INPUTDRY LEFT ","N0 C0MMAND5 0N PAGE   "
"recsrc","38.794750","1A","9A,00","00","00","0001","0000","true","F8811A>F8836C>F97786>F88368>0077E0>003052","77 0D 74 0F 74 0E 74 0D 74 0C 74 0B 74 0A 74 09 76 08 66 4E 4F 20 43 4F 4D 4D 41 4E 44 53 20 4F 4E 20 50 41 47 45 78 0D 79 0F 74 07 74 06 74 05 74 04 74 03 74 02 74 01 75 00 74 0F 74 0E 74 0D 74 0C 74 0B 74 0A 74 09 74 08 78 0F 79 0F 74 07 74 06 74 05 74 04 74 03 74 02 74 01 75 00 74 0F 74 0E 74 0D 74 0C 74 0B 74 0A 74 09 74 08 78 0F 79 0F 7B 0F 78 06 77 0C 66 4E 4F 20 44 49 53 4B 20 44 49 52 45 43 54 4F 52 49 45 53 20","REC 5RC?INPUTDRY LEFT ","N0 DI5K DIRECT0RIE5   "
"recsrc","39.255600","1B","9B,00","00","00","0001","0000","true","F8811A>F88368>007D0E>F88118>F8836E>F8810E","77 0D 74 0F 74 0E 74 0D 74 0C 74 0B 74 0A 74 09 76 08 66 4E 4F 20 43 4F 4D 4D 41 4E 44 53 20 4F 4E 20 50 41 47 45 74 0F 74 0E 74 0D 74 0C 74 0B 74 0A 74 09 76 08 78 0C 77 0C 66 46 4F 52 4D 41 54 20 46 4C 4F 50 50 59 20 44 49 53 4B 20 78 0D 77 0D","REC 5RC?INPUTDRY LEFT ","F0RMAT FL0PPY DI5K    "
"recsrc","39.716750","1C","9C,00","00","00","0001","0001","true","F88FDA>F88138>F8836E>0069E4>F88366>007CF6","","REC 5RC?INPUTDRY LEFT ","REC 5RC?INPUTDRY LEFT "
"recsrc","40.177600","1D","9D,00","00","00","0001","0001","true","F9771A>F88364>F88FD0>F88116>F88334>F8F2DC","","REC 5RC?INPUTDRY LEFT ","REC 5RC?INPUTDRY LEFT "
"recsrc","40.638600","1E","9E,00","00","00","0001","0000","true","F8810E>F8836A>007816>F8DB78>F8836E>01301E","77 0D 74 0F 74 0E 74 0D 74 0C 74 0B 74 0A 74 09 76 08 66 46 4F 52 4D 41 54 20 46 4C 4F 50 50 59 20 44 49 53 4B 20 74 0F 74 0E 74 0D 74 0C 74 0B 74 0A 74 09 76 08 78 0C 7A 0D 66 4E 4F 52 4D 41 4C 49 5A 45 20 47 41 49 4E 20 78 0D 77 0D","REC 5RC?INPUTDRY LEFT ","N0RMALIZE GAIN        "
"recsrc","41.099750","1F","9F,00","00","00","0001","0000","true","F884C4>00C816>F89A8C>F89A82>0000A8>F8DB44","77 0D 74 0F 74 0E 74 0D 74 0C 74 0B 74 0A 74 09 76 08 66 4E 4F 52 4D 41 4C 49 5A 45 20 47 41 49 4E 20 74 0F 74 0E 74 0D 74 0C 74 0B 74 0A 74 09 76 08 7B 0D 77 09 66 43 4C 45 41 52 20 44 41 54 41 78 0D 77 0D","REC 5RC?INPUTDRY LEFT ","CLEAR DATA            "
"recsrc","41.560600","20","A0,00","00","00","0001","0001","true","F88FD6>007CF2>F8836A>007D10>F88126>F8833E","77 0D 74 0F 74 0E 74 0D 74 0C 74 0B 74 0A 74 09 76 08 66 43 4C 45 41 52 20 44 41 54 41 74 0F 74 0E 74 0D 74 0C 74 0B 74 0A 74 09 76 08 78 0D 77 0D 78 09 78 0D 74 0F 74 0E 74 0D 74 0C 74 0B 74 0A 74 09 76 08 66 60 01 52 45 43 20 53 52 43 3D 49 4E 50 55 54 44 52 59 72 60 01 20 62 60 03 4C 45 46 54 20 72","REC 5RC?INPUTDRY LEFT ","REC 5RC?INPUTDRY LEFT "
"recsrc","42.021600","21","A1,00","00","00","0001","0000","true","0077E2>F8836C>013018>00E650>F88368>007D04","77 0D 74 0F 74 0E 74 0D 74 0C 74 0B 74 0A 74 09 76 08 66 43 4C 45 41 52 20 44 41 54 41","REC 5RC?INPUTDRY LEFT ","CLEAR DATA            "
"recsrc","42.482600","22","A2,00","00","00","0001","0001","true","0069C0>002B8C>F8836A>0069B4>F8836E>007816","","REC 5RC?INPUTDRY LEFT ","REC 5RC?INPUTDRY LEFT "
"recsrc","42.943600","23","A3,00","00","00","0001","0002","true","F88112>F88336>65579A>00780C>0077FA>F88332","66 57 41 49 54 49 4E 47 2E 2E 2E 60 01 0A 30 32 38 20 53 45 43 20 4C 45 46 54","  ?                   ","WAITING...?28 5EC LEFT"
"recsrc","43.404600","24","A4,00","00","00","0002","0002","true","F88FCE>0077F8>007D36>F88330>F8DB6A>F88112","","WAITING...?28 5EC LEFT","WAITING...?28 5EC LEFT"
"recsrc","43.865600","25","A5,00","00","00","0002","0002","true","FFBFDC>F88334>FF8CD0>F88130>F88332>0069E2","","WAITING...?28 5EC LEFT","WAITING...?28 5EC LEFT"
"load_mode","44.526600","00","80,00","00","00","0002","0002","true","F88FCC>0077F4>F88116>F88330>007816>F9770A","B0 40 7F","WAITING...?28 5EC LEFT","WAITING...?28 5EC LEFT"
"load_mode","44.607600","01","81,00","00","00","0002","0002","true","007818>F88334>F88FCE>007D00>F88332>007CF4","40 00","WAITING...?28 5EC LEFT","WAITING...?28 5EC LEFT"
"load_mode","44.688600","02","82,00","00","00","0002","0002","true","F88FCC>007D36>00780C>F88334>F87FD2>007816","","WAITING...?28 5EC LEFT","WAITING...?28 5EC LEFT"
"load_mode","44.769750","03","83,00","00","00","0002","0002","true","000028>F88364>F88FCC>007D04>F88332>007D10","","WAITING...?28 5EC LEFT","WAITING...?28 5EC LEFT"
"load_mode","44.851800","04","84,00","00","00","0002","0002","true","F88110>F88330>00781C>F97724>F8811A>F88334","","WAITING...?28 5EC LEFT","WAITING...?28 5EC LEFT"
"load_mode","44.932500","05","85,00","00","00","0002","0002","true","0068F8>FFB172>F88364>0077F4>F880B2>F88FCE","","WAITING...?28 5EC LEFT","WAITING...?28 5EC LEFT"
"load_mode","45.013800","06","86,00","00","00","0002","0002","true","F88110>F88330>F8DB4A>007D0C>F88080>F88364","","WAITING...?28 5EC LEFT","WAITING...?28 5EC LEFT"
"load_mode","45.094800","07","87,00","00","00","0002","0002","true","F88336>F88FCE>007CF6>F88126>F88330>00E692","","WAITING...?28 5EC LEFT","WAITING...?28 5EC LEFT"
"load_mode","45.175800","08","88,00","00","00","0002","0002","true","F8832E>00E6A0>F976EE>F88334>F88FCC>0077E6","","WAITING...?28 5EC LEFT","WAITING...?28 5EC LEFT"
"load_mode","45.256500","09","89,00","00","00","0002","0002","true","F88126>F88364>F88FCE>F88130>F88332>007CF2","","WAITING...?28 5EC LEFT","WAITING...?28 5EC LEFT"
"load_mode","45.337800","0A","8A,00","00","00","0002","0002","true","F88122>F88332>0077D6>0069B0>F88364>F88FCC","","WAITING...?28 5EC LEFT","WAITING...?28 5EC LEFT"
"load_mode","45.418800","0B","8B,00","00","00","0002","0002","true","F88364>F88FCC>007D36>F88334>007D30>0069BC","","WAITING...?28 5EC LEFT","WAITING...?28 5EC LEFT"
"load_mode","45.499800","0C","8C,00","00","00","0002","0002","true","F8816E>FFB3AA>F884C4>F8831A>F88122>F97786","","WAITING...?28 5EC LEFT","WAITING...?28 5EC LEFT"
"load_mode","45.580500","0D","8D,00","00","00","0002","0002","true","F88364>F88FCC>007CF2>F880C4>FFB3BE>FFB382","","WAITING...?28 5EC LEFT","WAITING...?28 5EC LEFT"
"load_mode","45.661800","0E","8E,00","00","00","0002","0002","true","F88330>007D04>0069B8>F88336>F88FCE>F8808C","","WAITING...?28 5EC LEFT","WAITING...?28 5EC LEFT"
"load_mode","45.742800","0F","8F,00","00","00","0002","0002","true","F8812A>F88364>F88FCE>007D10>F88332>007816","","WAITING...?28 5EC LEFT","WAITING...?28 5EC LEFT"
"load_mode","45.823800","10","90,00","00","00","0002","0002","true","0077EA>F88332>F8DB6E>F976F6>F88364>F88FCC","","WAITING...?28 5EC LEFT","WAITING...?28 5EC LEFT"
"load_mode","45.904500","11","91,00","00","00","0002","0002","true","F8810A>F88336>F88FCE>0077E2>007D30>F88330","","WAITING...?28 5EC LEFT","WAITING...?28 5EC LEFT"
"load_mode","45.985800","12","92,00","00","00","0002","0002","true","F88126>F88332>007810>F88334>F88FCE>007CF4","","WAITING...?28 5EC LEFT","WAITING...?28 5EC LEFT"
"load_mode","46.066800","13","93,00","00","00","0002","0002","true","007CFA>F8DB7E>F88334>F88FCE>0069B2>F88332","","WAITING...?28 5EC LEFT","WAITING...?28 5EC LEFT"
"load_mode","46.147800","14","94,00","00","00","0002","0002","true","F88332>007D36>F97778>F884C4>F8917A>F8812A","","WAITING...?28 5EC LEFT","WAITING...?28 5EC LEFT"
"load_mode","46.228500","15","95,00","00","00","0002","0002","true","F88334>F88FCE>0077E2>F88332>F8DB40>FFB0DC","","WAITING...?28 5EC LEFT","WAITING...?28 5EC LEFT"
"load_mode","46.309800","16","96,00","00","00","0002","0002","true","F88332>007D04>F8810C>F88364>F88FCE>007CF6","","WAITING...?28 5EC LEFT","WAITING...?28 5EC LEFT"
"load_mode","46.390800","17","97,00","00","00","0002","0002","true","F88130>F88334>F88FCE>007D36>00780C>F8832E","FC","WAITING...?28 5EC LEFT","WAITING...?28 5EC LEFT"
"load_mode","46.471800","18","98,00","00","00","0002","0002","true","0077F4>F88332>00780E>F9779A>F88114>F88336","","WAITING...?28 5EC LEFT","WAITING...?28 5EC LEFT"
"load_mode","46.552650","19","99,00","00","00","0002","0002","true","F8812A>F88364>F88FCC>007D36>F88332>00E698","","WAITING...?28 5EC LEFT","WAITING...?28 5EC LEFT"
"load_mode","46.634700","1A","9A,00","00","00","0002","0002","true","F88332>0077DA>F88364>F88FCE>00E698>00E6A0","","WAITING...?28 5EC LEFT","WAITING...?28 5EC LEFT"
"load_mode","46.716600","1B","9B,00","00","00","0002","0002","true","F88FCE>00780C>FFB0C8>F880C4>F88332>00E6A0","","WAITING...?28 5EC LEFT","WAITING...?28 5EC LEFT"
"load_mode","46.797750","1C","9C,00","00","00","0002","0002","true","F97718>F88364>F880AE>F8815A>F88FCA>0077F0","","WAITING...?28 5EC LEFT","WAITING...?28 5EC LEFT"
"load_mode","46.878600","1D","9D,00","00","00","0002","0002","true","F88FCE>0077E0>F88332>00E69E>F9771A>F8812A","FA","WAITING...?28 5EC LEFT","WAITING...?28 5EC LEFT"
"load_mode","46.959750","1E","9E,00","00","00","0002","0002","true","0069B2>F88334>F88FCE>007D04>0077F8>F88332","","WAITING...?28 5EC LEFT","WAITING...?28 5EC LEFT"
"load_mode","47.040600","1F","9F,00","00","00","0002","0002","true","F88FCE>0077EA>00009C>F88332>F88338>F88130","","WAITING...?28 5EC LEFT","WAITING...?28 5EC LEFT"
"load_mode","47.121750","20","A0,00","00","00","0002","0002","true","F9770A>F88364>F88FCC>007CF6>F88118>F88332","","WAITING...?28 5EC LEFT","WAITING...?28 5EC LEFT"
"load_mode","47.202600","21","A1,00","00","00","0002","0001","true","F88FCC>007D0C>F88332>007D30>F97718>F88110","66 02 2A","WAITING...?28 5EC LEFT","  ?                   "
"load_mode","47.283750","22","A2,00","00","00","0001","0001","true","F880BA>0069A6>F88336>F88FCE>007CF6>F88332","","  ?                   ","  ?                   "
"load_mode","47.364600","23","A3,00","00","00","0001","0002","true","F88FCC>0069B4>007806>F88332>F8812A>FFB63A","C0 00 E0 00 40 B0 01 7F 46 00 47 74 00 0F 04 74 00 0E 07 7F 75 40 0D 00 74 D0 0C 00 74 0B 74 0A 74 09 74 08 66 57 41 49 54 49 4E 47 2E 2E 2E 60 01 0A 30 32 38 20 53 45 43 20 4C 45 46 54","  ?                   ","WAITING...?28 5EC LEFT"
"load_mode","47.445600","24","A4,00","00","00","0002","0002","true","F97720>F88130>F88334>F88FCC>007D10>007806","","WAITING...?28 5EC LEFT","WAITING...?28 5EC LEFT"
"load_mode","47.526600","25","A5,00","00","00","0002","0002","true","F88FCE>0077F0>F8810E>F88332>007810>F97704","","WAITING...?28 5EC LEFT","WAITING...?28 5EC LEFT"
