run_id,raw,consumed,consumed_value,dispatch_target,display_before,display_after,changed,display_verify_matches,tail_word_03c0,tail_target,tail_store_summary
sweep-v350-run-1,$00,yes,$00,$FFB0BC,FILE 1  TUTORIAL BNK,FILE 1  TUTORIAL BNK,no,10/10,$B392,$FFB392,ffb3a6:03c0:b392->b20a/ffff;ffb3b2:03c0:b20a->b0e0/ffff;ffb3b8:03c4:0000->0000/ff00
sweep-v350-run-1,$01,yes,$01,$FFB0BC,FILE 1  TUTORIAL BNK,FILE 1  TUTORIAL BNK,no,10/10,$B0E0,$FFB0E0,ffb156:03c0:b0e0->b392/ffff;ffb1be:03c4:0000->2400/ff00
sweep-v350-run-1,$02,yes,$02,$FFB0BC,FILE 1  TUTORIAL BNK,FILE 1  TUTORIAL BNK,no,10/10,$B392,$FFB392,ffb3a6:03c0:b392->b20a/ffff;ffb3b2:03c0:b20a->b0e0/ffff;ffb3b8:03c4:2400->0200/ff00
sweep-v350-run-1,$03,yes,$03,$FFB0BC,FILE 1  TUTORIAL BNK,FILE 1  TUTORIAL BNK,no,10/10,$B0E0,$FFB0E0,ffb156:03c0:b0e0->b392/ffff;ffb1be:03c4:0200->2600/ff00
sweep-v350-run-1,$04,yes,$04,$FFB0BC,FILE 1  TUTORIAL BNK,FILE 1  TUTORIAL BNK,no,10/10,$B392,$FFB392,ffb3a6:03c0:b392->b20a/ffff;ffb3b2:03c0:b20a->b0e0/ffff;ffb3b8:03c4:2600->0400/ff00
sweep-v350-run-1,$05,yes,$05,$FFB0BC,FILE 1  TUTORIAL BNK,FILE 1  TUTORIAL BNK,no,10/10,$B0E0,$FFB0E0,ffb156:03c0:b0e0->b392/ffff;ffb1be:03c4:0400->2800/ff00
sweep-v350-run-1,$06,yes,$06,$FFB0BC,FILE 1  TUTORIAL BNK,FILE 1  TUTORIAL BNK,no,10/10,$B392,$FFB392,ffb3a6:03c0:b392->b20a/ffff;ffb3b2:03c0:b20a->b0e0/ffff;ffb3b8:03c4:2800->0600/ff00
sweep-v350-run-1,$07,yes,$07,$FFB0BC,FILE 1  TUTORIAL BNK,FILE 1  TUTORIAL BNK,no,10/10,$B0E0,$FFB0E0,ffb156:03c0:b0e0->b392/ffff;ffb1be:03c4:0600->2a00/ff00
sweep-v350-run-1,$08,yes,$08,$FFB0BC,FILE 1  TUTORIAL BNK,FILE 1  TUTORIAL BNK,no,10/10,$B392,$FFB392,ffb3a6:03c0:b392->b20a/ffff;ffb3b2:03c0:b20a->b0e0/ffff;ffb3b8:03c4:2a00->0800/ff00
sweep-v350-run-1,$09,yes,$09,$FFB0BC,FILE 1  TUTORIAL BNK,FILE 1  TUTORIAL BNK,no,10/10,$B0E0,$FFB0E0,ffb156:03c0:b0e0->b392/ffff;ffb1be:03c4:0800->2c00/ff00
sweep-v350-run-1,$0A,yes,$0A,$FFB0BC,FILE 1  TUTORIAL BNK,FILE 1  TUTORIAL BNK,no,10/10,$B392,$FFB392,ffb3a6:03c0:b392->b20a/ffff;ffb3b2:03c0:b20a->b0e0/ffff;ffb3b8:03c4:2c00->0a00/ff00
sweep-v350-run-1,$0B,yes,$0B,$FFB0BC,FILE 1  TUTORIAL BNK,FILE 1  TUTORIAL BNK,no,10/10,$B0E0,$FFB0E0,ffb156:03c0:b0e0->b392/ffff;ffb1be:03c4:0a00->2e00/ff00
sweep-v350-run-1,$0C,yes,$0C,$FFB0BC,FILE 1  TUTORIAL BNK,FILE 1  TUTORIAL BNK,no,10/10,$B392,$FFB392,ffb3a6:03c0:b392->b20a/ffff;ffb3b2:03c0:b20a->b0e0/ffff;ffb3b8:03c4:2e00->0c00/ff00
sweep-v350-run-1,$0D,yes,$0D,$FFB0BC,FILE 1  TUTORIAL BNK,FILE 1  TUTORIAL BNK,no,10/10,$B0E0,$FFB0E0,ffb156:03c0:b0e0->b392/ffff;ffb1be:03c4:0c00->3000/ff00
sweep-v350-run-1,$0E,yes,$0E,$FFB0BC,FILE 1  TUTORIAL BNK,FILE 1  TUTORIAL BNK,no,10/10,$B392,$FFB392,ffb3a6:03c0:b392->b20a/ffff;ffb3b2:03c0:b20a->b0e0/ffff;ffb3b8:03c4:3000->0e00/ff00
sweep-v350-run-1,$0F,yes,$0F,$FFB0BC,FILE 1  TUTORIAL BNK,FILE 1  TUTORIAL BNK,no,10/10,$B0E0,$FFB0E0,ffb156:03c0:b0e0->b392/ffff;ffb1be:03c4:0e00->3200/ff00
sweep-v350-run-1,$10,yes,$10,$FFB0BC,FILE 1  TUTORIAL BNK,FILE 1  TUTORIAL BNK,no,10/10,$B392,$FFB392,ffb3a6:03c0:b392->b20a/ffff;ffb3b2:03c0:b20a->b0e0/ffff;ffb3b8:03c4:3200->1000/ff00
sweep-v350-run-1,$11,yes,$11,$FFB0BC,FILE 1  TUTORIAL BNK,FILE 1  TUTORIAL BNK,no,10/10,$B0E0,$FFB0E0,ffb156:03c0:b0e0->b392/ffff;ffb1be:03c4:1000->3400/ff00
sweep-v350-run-1,$12,yes,$12,$FFB0BC,FILE 1  TUTORIAL BNK,FILE 1  TUTORIAL BNK,no,10/10,$B392,$FFB392,ffb3a6:03c0:b392->b20a/ffff;ffb3b2:03c0:b20a->b0e0/ffff;ffb3b8:03c4:3400->1200/ff00
sweep-v350-run-1,$13,yes,$13,$FFB0BC,FILE 1  TUTORIAL BNK,FILE 1  TUTORIAL BNK,no,10/10,$B0E0,$FFB0E0,ffb156:03c0:b0e0->b392/ffff;ffb1be:03c4:1200->3600/ff00
sweep-v350-run-1,$14,yes,$14,$FFB0BC,FILE 1  TUTORIAL BNK,FILE 1  TUTORIAL BNK,no,10/10,$B392,$FFB392,ffb3a6:03c0:b392->b20a/ffff;ffb3b2:03c0:b20a->b0e0/ffff;ffb3b8:03c4:3600->1400/ff00
sweep-v350-run-1,$15,yes,$15,$FFB0BC,FILE 1  TUTORIAL BNK,FILE 1  TUTORIAL BNK,no,10/10,$B0E0,$FFB0E0,ffb156:03c0:b0e0->b392/ffff;ffb1be:03c4:1400->3800/ff00
sweep-v350-run-1,$16,yes,$16,$FFB0BC,FILE 1  TUTORIAL BNK,FILE 1  TUTORIAL BNK,no,10/10,$B392,$FFB392,ffb3a6:03c0:b392->b20a/ffff;ffb3b2:03c0:b20a->b0e0/ffff;ffb3b8:03c4:3800->1600/ff00
sweep-v350-run-1,$17,yes,$17,$FFB0BC,FILE 1  TUTORIAL BNK,FILE 1  TUTORIAL BNK,no,10/10,$B0E0,$FFB0E0,ffb156:03c0:b0e0->b392/ffff;ffb1be:03c4:1600->3a00/ff00
sweep-v350-run-1,$18,yes,$18,$FFB0BC,FILE 1  TUTORIAL BNK,FILE 1  TUTORIAL BNK,no,10/10,$B392,$FFB392,ffb3a6:03c0:b392->b20a/ffff;ffb3b2:03c0:b20a->b0e0/ffff;ffb3b8:03c4:3a00->1800/ff00
sweep-v350-run-1,$19,yes,$19,$FFB0BC,FILE 1  TUTORIAL BNK,FILE 1  TUTORIAL BNK,no,10/10,$B0E0,$FFB0E0,ffb156:03c0:b0e0->b392/ffff;ffb1be:03c4:1800->3c00/ff00
sweep-v350-run-1,$1A,yes,$1A,$FFB0BC,FILE 1  TUTORIAL BNK,FILE 1  TUTORIAL BNK,no,10/10,$B392,$FFB392,ffb3a6:03c0:b392->b20a/ffff;ffb3b2:03c0:b20a->b0e0/ffff;ffb3b8:03c4:3c00->1a00/ff00
sweep-v350-run-1,$1B,yes,$1B,$FFB0BC,FILE 1  TUTORIAL BNK,FILE 1  TUTORIAL BNK,no,10/10,$B0E0,$FFB0E0,ffb156:03c0:b0e0->b392/ffff;ffb1be:03c4:1a00->3e00/ff00
sweep-v350-run-1,$1C,yes,$1C,$FFB0BC,FILE 1  TUTORIAL BNK,FILE 1  TUTORIAL BNK,no,10/10,$B392,$FFB392,ffb3a6:03c0:b392->b20a/ffff;ffb3b2:03c0:b20a->b0e0/ffff;ffb3b8:03c4:3e00->1c00/ff00
sweep-v350-run-1,$1D,yes,$1D,$FFB0BC,FILE 1  TUTORIAL BNK,FILE 1  TUTORIAL BNK,no,10/10,$B0E0,$FFB0E0,ffb156:03c0:b0e0->b392/ffff;ffb1be:03c4:1c00->4000/ff00
sweep-v350-run-1,$1E,yes,$1E,$FFB0BC,FILE 1  TUTORIAL BNK,FILE 1  TUTORIAL BNK,no,10/10,$B392,$FFB392,ffb3a6:03c0:b392->b20a/ffff;ffb3b2:03c0:b20a->b0e0/ffff;ffb3b8:03c4:4000->1e00/ff00
sweep-v350-run-1,$1F,yes,$1F,$FFB0BC,FILE 1  TUTORIAL BNK,FILE 1  TUTORIAL BNK,no,10/10,$B0E0,$FFB0E0,ffb156:03c0:b0e0->b392/ffff;ffb1be:03c4:1e00->4200/ff00
sweep-v350-run-1,$20,yes,$20,$FFB0BC,FILE 1  TUTORIAL BNK,FILE 1  TUTORIAL BNK,no,10/10,$B392,$FFB392,ffb3a6:03c0:b392->b20a/ffff;ffb3b2:03c0:b20a->b0e0/ffff;ffb3b8:03c4:4200->2000/ff00
sweep-v350-run-1,$21,yes,$21,$FFB0BC,FILE 1  TUTORIAL BNK,FILE 1  TUTORIAL BNK,no,10/10,$B0E0,$FFB0E0,ffb156:03c0:b0e0->b392/ffff;ffb1be:03c4:2000->4400/ff00
sweep-v350-run-1,$22,yes,$22,$FFB0BC,FILE 1  TUTORIAL BNK,FILE 1  TUTORIAL BNK,no,10/10,$B392,$FFB392,ffb3a6:03c0:b392->b20a/ffff;ffb3b2:03c0:b20a->b0e0/ffff;ffb3b8:03c4:4400->2200/ff00
sweep-v350-run-1,$23,yes,$23,$FFB0BC,FILE 1  TUTORIAL BNK,FILE 1  TUTORIAL BNK,no,10/10,$B0E0,$FFB0E0,ffb156:03c0:b0e0->b392/ffff;ffb1be:03c4:2200->4600/ff00
sweep-v350-run-1,$24,yes,$24,$FFB0BC,FILE 1  TUTORIAL BNK,FILE 1  TUTORIAL BNK,no,10/10,$B392,$FFB392,ffb3a6:03c0:b392->b20a/ffff;ffb3b2:03c0:b20a->b0e0/ffff;ffb3b8:03c4:4600->2400/ff00
sweep-v350-run-1,$25,yes,$25,$FFB0BC,FILE 1  TUTORIAL BNK,FILE 1  TUTORIAL BNK,no,10/10,$B0E0,$FFB0E0,ffb156:03c0:b0e0->b392/ffff;ffb1be:03c4:2400->4800/ff00
sweep-v350-run-1,$26,yes,$26,$FFB0BC,FILE 1  TUTORIAL BNK,FILE 1  TUTORIAL BNK,no,10/10,$B392,$FFB392,ffb3a6:03c0:b392->b20a/ffff;ffb3b2:03c0:b20a->b0e0/ffff;ffb3b8:03c4:4800->2600/ff00
sweep-v350-run-1,$27,yes,$27,$FFB0BC,FILE 1  TUTORIAL BNK,FILE 1  TUTORIAL BNK,no,10/10,$B0E0,$FFB0E0,ffb156:03c0:b0e0->b392/ffff;ffb1be:03c4:2600->4a00/ff00
sweep-v350-run-1,$28,yes,$28,$FFB0BC,FILE 1  TUTORIAL BNK,FILE 1  TUTORIAL BNK,no,10/10,$B392,$FFB392,ffb3a6:03c0:b392->b20a/ffff;ffb3b2:03c0:b20a->b0e0/ffff;ffb3b8:03c4:4a00->2800/ff00
sweep-v350-run-1,$29,yes,$29,$FFB0BC,FILE 1  TUTORIAL BNK,FILE 1  TUTORIAL BNK,no,10/10,$B0E0,$FFB0E0,ffb156:03c0:b0e0->b392/ffff;ffb1be:03c4:2800->4c00/ff00
sweep-v350-run-1,$2A,yes,$2A,$FFB0BC,FILE 1  TUTORIAL BNK,FILE 1  TUTORIAL BNK,no,10/10,$B392,$FFB392,ffb3a6:03c0:b392->b20a/ffff;ffb3b2:03c0:b20a->b0e0/ffff;ffb3b8:03c4:4c00->2a00/ff00
sweep-v350-run-1,$2B,yes,$2B,$FFB0BC,FILE 1  TUTORIAL BNK,FILE 1  TUTORIAL BNK,no,10/10,$B0E0,$FFB0E0,ffb156:03c0:b0e0->b392/ffff;ffb1be:03c4:2a00->4e00/ff00
sweep-v350-run-1,$2C,yes,$2C,$FFB0BC,FILE 1  TUTORIAL BNK,FILE 1  TUTORIAL BNK,no,10/10,$B392,$FFB392,ffb3a6:03c0:b392->b20a/ffff;ffb3b2:03c0:b20a->b0e0/ffff;ffb3b8:03c4:4e00->2c00/ff00
sweep-v350-run-1,$2D,yes,$2D,$FFB0BC,FILE 1  TUTORIAL BNK,FILE 1  TUTORIAL BNK,no,10/10,$B0E0,$FFB0E0,ffb156:03c0:b0e0->b392/ffff;ffb1be:03c4:2c00->5000/ff00
sweep-v350-run-1,$2E,yes,$2E,$FFB0BC,FILE 1  TUTORIAL BNK,FILE 1  TUTORIAL BNK,no,10/10,$B392,$FFB392,ffb3a6:03c0:b392->b20a/ffff;ffb3b2:03c0:b20a->b0e0/ffff;ffb3b8:03c4:5000->2e00/ff00
sweep-v350-run-1,$2F,yes,$2F,$FFB0BC,FILE 1  TUTORIAL BNK,FILE 1  TUTORIAL BNK,no,10/10,$B0E0,$FFB0E0,ffb156:03c0:b0e0->b392/ffff;ffb1be:03c4:2e00->5200/ff00
sweep-v350-run-1,$30,yes,$30,$FFB0BC,FILE 1  TUTORIAL BNK,FILE 1  TUTORIAL BNK,no,10/10,$B392,$FFB392,ffb3a6:03c0:b392->b20a/ffff;ffb3b2:03c0:b20a->b0e0/ffff;ffb3b8:03c4:5200->3000/ff00
sweep-v350-run-1,$31,yes,$31,$FFB0BC,FILE 1  TUTORIAL BNK,FILE 1  TUTORIAL BNK,no,10/10,$B0E0,$FFB0E0,ffb156:03c0:b0e0->b392/ffff;ffb1be:03c4:3000->5400/ff00
sweep-v350-run-1,$32,yes,$32,$FFB0BC,FILE 1  TUTORIAL BNK,FILE 1  TUTORIAL BNK,no,10/10,$B392,$FFB392,ffb3a6:03c0:b392->b20a/ffff;ffb3b2:03c0:b20a->b0e0/ffff;ffb3b8:03c4:5400->3200/ff00
sweep-v350-run-1,$33,yes,$33,$FFB0BC,FILE 1  TUTORIAL BNK,FILE 1  TUTORIAL BNK,no,10/10,$B0E0,$FFB0E0,ffb156:03c0:b0e0->b392/ffff;ffb1be:03c4:3200->5600/ff00
sweep-v350-run-1,$34,yes,$34,$FFB0BC,FILE 1  TUTORIAL BNK,FILE 1  TUTORIAL BNK,no,10/10,$B392,$FFB392,ffb3a6:03c0:b392->b20a/ffff;ffb3b2:03c0:b20a->b0e0/ffff;ffb3b8:03c4:5600->3400/ff00
sweep-v350-run-1,$35,yes,$35,$FFB0BC,FILE 1  TUTORIAL BNK,FILE 1  TUTORIAL BNK,no,10/10,$B0E0,$FFB0E0,ffb156:03c0:b0e0->b392/ffff;ffb1be:03c4:3400->5800/ff00
sweep-v350-run-1,$36,yes,$36,$FFB0BC,FILE 1  TUTORIAL BNK,FILE 1  TUTORIAL BNK,no,10/10,$B392,$FFB392,ffb3a6:03c0:b392->b20a/ffff;ffb3b2:03c0:b20a->b0e0/ffff;ffb3b8:03c4:5800->3600/ff00
sweep-v350-run-1,$37,yes,$37,$FFB0BC,FILE 1  TUTORIAL BNK,FILE 1  TUTORIAL BNK,no,10/10,$B0E0,$FFB0E0,ffb156:03c0:b0e0->b392/ffff;ffb1be:03c4:3600->5a00/ff00
sweep-v350-run-1,$38,yes,$38,$FFB0BC,FILE 1  TUTORIAL BNK,FILE 1  TUTORIAL BNK,no,10/10,$B392,$FFB392,ffb3a6:03c0:b392->b20a/ffff;ffb3b2:03c0:b20a->b0e0/ffff;ffb3b8:03c4:5a00->3800/ff00
sweep-v350-run-1,$39,yes,$39,$FFB0BC,FILE 1  TUTORIAL BNK,FILE 1  TUTORIAL BNK,no,10/10,$B0E0,$FFB0E0,ffb156:03c0:b0e0->b392/ffff;ffb1be:03c4:3800->5c00/ff00
sweep-v350-run-1,$3A,yes,$3A,$FFB0BC,FILE 1  TUTORIAL BNK,FILE 1  TUTORIAL BNK,no,10/10,$B392,$FFB392,ffb3a6:03c0:b392->b20a/ffff;ffb3b2:03c0:b20a->b0e0/ffff;ffb3b8:03c4:5c00->3a00/ff00
sweep-v350-run-1,$3B,yes,$3B,$FFB0BC,FILE 1  TUTORIAL BNK,FILE 1  TUTORIAL BNK,no,10/10,$B0E0,$FFB0E0,ffb156:03c0:b0e0->b392/ffff;ffb1be:03c4:3a00->5e00/ff00
sweep-v350-run-1,$3C,yes,$3C,$FFB0BC,FILE 1  TUTORIAL BNK,FILE 1  TUTORIAL BNK,no,10/10,$B392,$FFB392,ffb3a6:03c0:b392->b20a/ffff;ffb3b2:03c0:b20a->b0e0/ffff;ffb3b8:03c4:5e00->3c00/ff00
sweep-v350-run-1,$3D,yes,$3D,$FFB0BC,FILE 1  TUTORIAL BNK,FILE 1  TUTORIAL BNK,no,10/10,$B0E0,$FFB0E0,ffb156:03c0:b0e0->b392/ffff;ffb1be:03c4:3c00->6000/ff00
sweep-v350-run-1,$3E,yes,$3E,$FFB0BC,FILE 1  TUTORIAL BNK,FILE 1  TUTORIAL BNK,no,10/10,$B392,$FFB392,ffb3a6:03c0:b392->b20a/ffff;ffb3b2:03c0:b20a->b0e0/ffff;ffb3b8:03c4:6000->3e00/ff00
sweep-v350-run-1,$3F,yes,$3F,$FFB0BC,FILE 1  TUTORIAL BNK,FILE 1  TUTORIAL BNK,no,10/10,$B0E0,$FFB0E0,ffb156:03c0:b0e0->b392/ffff;ffb1be:03c4:3e00->6200/ff00
sweep-v350-run-1,$40,yes,$40,$FFB0BC,FILE 1  TUTORIAL BNK,FILE 1  TUTORIAL BNK,no,10/10,$B392,$FFB392,ffb3a6:03c0:b392->b20a/ffff;ffb3b2:03c0:b20a->b0e0/ffff;ffb3b8:03c4:6200->4000/ff00
sweep-v350-run-1,$41,yes,$41,$FFB0BC,FILE 1  TUTORIAL BNK,FILE 1  TUTORIAL BNK,no,10/10,$B0E0,$FFB0E0,ffb156:03c0:b0e0->b392/ffff;ffb1ce:03c4:4000->2400/ff00
sweep-v350-run-1,$42,yes,$42,$FFB0BC,FILE 1  TUTORIAL BNK,FILE 1  TUTORIAL BNK,no,10/10,$B392,$FFB392,ffb3a6:03c0:b392->b20a/ffff;ffb3b2:03c0:b20a->b0e0/ffff;ffb3b8:03c4:2400->4200/ff00
sweep-v350-run-1,$43,yes,$43,$FFB0BC,FILE 1  TUTORIAL BNK,FILE 1  TUTORIAL BNK,no,10/10,$B0E0,$FFB0E0,ffb156:03c0:b0e0->b392/ffff;ffb1ce:03c4:4200->2600/ff00
sweep-v350-run-1,$44,yes,$44,$FFB0BC,FILE 1  TUTORIAL BNK,FILE 1  TUTORIAL BNK,no,10/10,$B392,$FFB392,ffb3a6:03c0:b392->b20a/ffff;ffb3b2:03c0:b20a->b0e0/ffff;ffb3b8:03c4:2600->4400/ff00
sweep-v350-run-1,$45,yes,$45,$FFB0BC,FILE 1  TUTORIAL BNK,FILE 1  TUTORIAL BNK,no,10/10,$B0E0,$FFB0E0,ffb156:03c0:b0e0->b392/ffff;ffb1ce:03c4:4400->2800/ff00
sweep-v350-run-1,$46,yes,$46,$FFB0BC,FILE 1  TUTORIAL BNK,FILE 1  TUTORIAL BNK,no,10/10,$B392,$FFB392,ffb3a6:03c0:b392->b20a/ffff;ffb3b2:03c0:b20a->b0e0/ffff;ffb3b8:03c4:2800->4600/ff00
sweep-v350-run-1,$47,yes,$47,$FFB0BC,FILE 1  TUTORIAL BNK,FILE 1  TUTORIAL BNK,no,10/10,$B0E0,$FFB0E0,ffb156:03c0:b0e0->b392/ffff;ffb1ce:03c4:4600->2a00/ff00
sweep-v350-run-1,$48,yes,$48,$FFB0BC,FILE 1  TUTORIAL BNK,FILE 1  TUTORIAL BNK,no,10/10,$B392,$FFB392,ffb3a6:03c0:b392->b20a/ffff;ffb3b2:03c0:b20a->b0e0/ffff;ffb3b8:03c4:2a00->4800/ff00
sweep-v350-run-1,$49,yes,$49,$FFB0BC,FILE 1  TUTORIAL BNK,FILE 1  TUTORIAL BNK,no,10/10,$B0E0,$FFB0E0,ffb156:03c0:b0e0->b392/ffff;ffb1ce:03c4:4800->2c00/ff00
sweep-v350-run-1,$4A,yes,$4A,$FFB0BC,FILE 1  TUTORIAL BNK,FILE 1  TUTORIAL BNK,no,10/10,$B392,$FFB392,ffb3a6:03c0:b392->b20a/ffff;ffb3b2:03c0:b20a->b0e0/ffff;ffb3b8:03c4:2c00->4a00/ff00
sweep-v350-run-1,$4B,yes,$4B,$FFB0BC,FILE 1  TUTORIAL BNK,FILE 1  TUTORIAL BNK,no,10/10,$B0E0,$FFB0E0,ffb156:03c0:b0e0->b392/ffff;ffb1ce:03c4:4a00->2e00/ff00
sweep-v350-run-1,$4C,yes,$4C,$FFB0BC,FILE 1  TUTORIAL BNK,FILE 1  TUTORIAL BNK,no,10/10,$B392,$FFB392,ffb3a6:03c0:b392->b20a/ffff;ffb3b2:03c0:b20a->b0e0/ffff;ffb3b8:03c4:2e00->4c00/ff00
sweep-v350-run-1,$4D,yes,$4D,$FFB0BC,FILE 1  TUTORIAL BNK,FILE 1  TUTORIAL BNK,no,10/10,$B0E0,$FFB0E0,ffb156:03c0:b0e0->b392/ffff;ffb1ce:03c4:4c00->3000/ff00
sweep-v350-run-1,$4E,yes,$4E,$FFB0BC,FILE 1  TUTORIAL BNK,FILE 1  TUTORIAL BNK,no,10/10,$B392,$FFB392,ffb3a6:03c0:b392->b20a/ffff;ffb3b2:03c0:b20a->b0e0/ffff;ffb3b8:03c4:3000->4e00/ff00
sweep-v350-run-1,$4F,yes,$4F,$FFB0BC,FILE 1  TUTORIAL BNK,FILE 1  TUTORIAL BNK,no,10/10,$B0E0,$FFB0E0,ffb156:03c0:b0e0->b392/ffff;ffb1ce:03c4:4e00->3200/ff00
sweep-v350-run-1,$50,yes,$50,$FFB0BC,FILE 1  TUTORIAL BNK,FILE 1  TUTORIAL BNK,no,10/10,$B392,$FFB392,ffb3a6:03c0:b392->b20a/ffff;ffb3b2:03c0:b20a->b0e0/ffff;ffb3b8:03c4:3200->5000/ff00
sweep-v350-run-1,$51,yes,$51,$FFB0BC,FILE 1  TUTORIAL BNK,FILE 1  TUTORIAL BNK,no,10/10,$B0E0,$FFB0E0,ffb156:03c0:b0e0->b392/ffff;ffb1ce:03c4:5000->3400/ff00
sweep-v350-run-1,$52,yes,$52,$FFB0BC,FILE 1  TUTORIAL BNK,FILE 1  TUTORIAL BNK,no,10/10,$B392,$FFB392,ffb3a6:03c0:b392->b20a/ffff;ffb3b2:03c0:b20a->b0e0/ffff;ffb3b8:03c4:3400->5200/ff00
sweep-v350-run-1,$53,yes,$53,$FFB0BC,FILE 1  TUTORIAL BNK,FILE 1  TUTORIAL BNK,no,10/10,$B0E0,$FFB0E0,ffb156:03c0:b0e0->b392/ffff;ffb1ce:03c4:5200->3600/ff00
sweep-v350-run-1,$54,yes,$54,$FFB0BC,FILE 1  TUTORIAL BNK,FILE 1  TUTORIAL BNK,no,10/10,$B392,$FFB392,ffb3a6:03c0:b392->b20a/ffff;ffb3b2:03c0:b20a->b0e0/ffff;ffb3b8:03c4:3600->5400/ff00
sweep-v350-run-1,$55,yes,$55,$FFB0BC,FILE 1  TUTORIAL BNK,FILE 1  TUTORIAL BNK,no,10/10,$B0E0,$FFB0E0,ffb156:03c0:b0e0->b392/ffff;ffb1ce:03c4:5400->3800/ff00
sweep-v350-run-1,$56,yes,$56,$FFB0BC,FILE 1  TUTORIAL BNK,FILE 1  TUTORIAL BNK,no,10/10,$B392,$FFB392,ffb3a6:03c0:b392->b20a/ffff;ffb3b2:03c0:b20a->b0e0/ffff;ffb3b8:03c4:3800->5600/ff00
sweep-v350-run-1,$57,yes,$57,$FFB0BC,FILE 1  TUTORIAL BNK,FILE 1  TUTORIAL BNK,no,10/10,$B0E0,$FFB0E0,ffb156:03c0:b0e0->b392/ffff;ffb1ce:03c4:5600->3a00/ff00
sweep-v350-run-1,$58,yes,$58,$FFB0BC,FILE 1  TUTORIAL BNK,FILE 1  TUTORIAL BNK,no,10/10,$B392,$FFB392,ffb3a6:03c0:b392->b20a/ffff;ffb3b2:03c0:b20a->b0e0/ffff;ffb3b8:03c4:3a00->5800/ff00
sweep-v350-run-1,$59,yes,$59,$FFB0BC,FILE 1  TUTORIAL BNK,FILE 1  TUTORIAL BNK,no,10/10,$B0E0,$FFB0E0,ffb156:03c0:b0e0->b392/ffff;ffb1ce:03c4:5800->3c00/ff00
sweep-v350-run-1,$5A,yes,$5A,$FFB0BC,FILE 1  TUTORIAL BNK,FILE 1  TUTORIAL BNK,no,10/10,$B392,$FFB392,ffb3a6:03c0:b392->b20a/ffff;ffb3b2:03c0:b20a->b0e0/ffff;ffb3b8:03c4:3c00->5a00/ff00
sweep-v350-run-1,$5B,yes,$5B,$FFB0BC,FILE 1  TUTORIAL BNK,FILE 1  TUTORIAL BNK,no,10/10,$B0E0,$FFB0E0,ffb156:03c0:b0e0->b392/ffff;ffb1ce:03c4:5a00->3e00/ff00
sweep-v350-run-1,$5C,yes,$5C,$FFB0BC,FILE 1  TUTORIAL BNK,FILE 1  TUTORIAL BNK,no,10/10,$B392,$FFB392,ffb3a6:03c0:b392->b20a/ffff;ffb3b2:03c0:b20a->b0e0/ffff;ffb3b8:03c4:3e00->5c00/ff00
sweep-v350-run-1,$5D,yes,$5D,$FFB0BC,FILE 1  TUTORIAL BNK,FILE 1  TUTORIAL BNK,no,10/10,$B0E0,$FFB0E0,ffb156:03c0:b0e0->b392/ffff;ffb1ce:03c4:5c00->4000/ff00
sweep-v350-run-1,$5E,yes,$5E,$FFB0BC,FILE 1  TUTORIAL BNK,FILE 1  TUTORIAL BNK,no,10/10,$B392,$FFB392,ffb3a6:03c0:b392->b20a/ffff;ffb3b2:03c0:b20a->b0e0/ffff;ffb3b8:03c4:4000->5e00/ff00
sweep-v350-run-1,$5F,yes,$5F,$FFB0BC,FILE 1  TUTORIAL BNK,FILE 1  TUTORIAL BNK,no,10/10,$B0E0,$FFB0E0,ffb156:03c0:b0e0->b392/ffff;ffb1ce:03c4:5e00->4200/ff00
sweep-v350-run-1,$60,yes,$60,$FFB0BC,FILE 1  TUTORIAL BNK,FILE 1  TUTORIAL BNK,no,10/10,$B392,$FFB392,ffb3a6:03c0:b392->b20a/ffff;ffb3b2:03c0:b20a->b0e0/ffff;ffb3b8:03c4:4200->6000/ff00
sweep-v350-run-1,$61,yes,$61,$FFB0BC,FILE 1  TUTORIAL BNK,FILE 1  TUTORIAL BNK,no,10/10,$B0E0,$FFB0E0,ffb156:03c0:b0e0->b392/ffff;ffb1ce:03c4:6000->4400/ff00
sweep-v350-run-1,$62,yes,$62,$FFB0BC,FILE 1  TUTORIAL BNK,FILE 1  TUTORIAL BNK,no,10/10,$B392,$FFB392,ffb3a6:03c0:b392->b20a/ffff;ffb3b2:03c0:b20a->b0e0/ffff;ffb3b8:03c4:4400->6200/ff00
sweep-v350-run-1,$63,yes,$63,$FFB0BC,FILE 1  TUTORIAL BNK,FILE 1  TUTORIAL BNK,no,10/10,$B0E0,$FFB0E0,ffb156:03c0:b0e0->b392/ffff;ffb1ce:03c4:6200->4600/ff00
sweep-v350-run-1,$64,yes,$64,$FFB0BC,FILE 1  TUTORIAL BNK,FILE 1  TUTORIAL BNK,no,10/10,$B392,$FFB392,ffb3a6:03c0:b392->b20a/ffff;ffb3b2:03c0:b20a->b0e0/ffff;ffb3b8:03c4:4600->6400/ff00
sweep-v350-run-1,$65,yes,$65,$FFB0BC,FILE 1  TUTORIAL BNK,FILE 1  TUTORIAL BNK,no,10/10,$B0E0,$FFB0E0,ffb156:03c0:b0e0->b392/ffff;ffb1ce:03c4:6400->4800/ff00
sweep-v350-run-1,$66,yes,$66,$FFB0BC,FILE 1  TUTORIAL BNK,FILE 1  TUTORIAL BNK,no,10/10,$B392,$FFB392,ffb3a6:03c0:b392->b20a/ffff;ffb3b2:03c0:b20a->b0e0/ffff;ffb3b8:03c4:4800->6600/ff00
sweep-v350-run-1,$67,yes,$67,$FFB0BC,FILE 1  TUTORIAL BNK,FILE 1  TUTORIAL BNK,no,10/10,$B0E0,$FFB0E0,ffb156:03c0:b0e0->b392/ffff;ffb1ce:03c4:6600->4a00/ff00
sweep-v350-run-1,$68,yes,$68,$FFB0BC,FILE 1  TUTORIAL BNK,FILE 1  TUTORIAL BNK,no,10/10,$B392,$FFB392,ffb3a6:03c0:b392->b20a/ffff;ffb3b2:03c0:b20a->b0e0/ffff;ffb3b8:03c4:4a00->6800/ff00
sweep-v350-run-1,$69,yes,$69,$FFB0BC,FILE 1  TUTORIAL BNK,FILE 1  TUTORIAL BNK,no,10/10,$B0E0,$FFB0E0,ffb156:03c0:b0e0->b392/ffff;ffb1ce:03c4:6800->4c00/ff00
sweep-v350-run-1,$6A,yes,$6A,$FFB0BC,FILE 1  TUTORIAL BNK,FILE 1  TUTORIAL BNK,no,10/10,$B392,$FFB392,ffb3a6:03c0:b392->b20a/ffff;ffb3b2:03c0:b20a->b0e0/ffff;ffb3b8:03c4:4c00->6a00/ff00
sweep-v350-run-1,$6B,yes,$6B,$FFB0BC,FILE 1  TUTORIAL BNK,FILE 1  TUTORIAL BNK,no,10/10,$B0E0,$FFB0E0,ffb156:03c0:b0e0->b392/ffff;ffb1ce:03c4:6a00->4e00/ff00
sweep-v350-run-1,$6C,yes,$6C,$FFB0BC,FILE 1  TUTORIAL BNK,FILE 1  TUTORIAL BNK,no,10/10,$B392,$FFB392,ffb3a6:03c0:b392->b20a/ffff;ffb3b2:03c0:b20a->b0e0/ffff;ffb3b8:03c4:4e00->6c00/ff00
sweep-v350-run-1,$6D,yes,$6D,$FFB0BC,FILE 1  TUTORIAL BNK,FILE 1  TUTORIAL BNK,no,10/10,$B0E0,$FFB0E0,ffb156:03c0:b0e0->b392/ffff;ffb1ce:03c4:6c00->5000/ff00
sweep-v350-run-1,$6E,yes,$6E,$FFB0BC,FILE 1  TUTORIAL BNK,FILE 1  TUTORIAL BNK,no,10/10,$B392,$FFB392,ffb3a6:03c0:b392->b20a/ffff;ffb3b2:03c0:b20a->b0e0/ffff;ffb3b8:03c4:5000->6e00/ff00
sweep-v350-run-1,$6F,yes,$6F,$FFB0BC,FILE 1  TUTORIAL BNK,FILE 1  TUTORIAL BNK,no,10/10,$B0E0,$FFB0E0,ffb156:03c0:b0e0->b392/ffff;ffb1ce:03c4:6e00->5200/ff00
sweep-v350-run-1,$70,yes,$70,$FFB0BC,FILE 1  TUTORIAL BNK,FILE 1  TUTORIAL BNK,no,10/10,$B392,$FFB392,ffb3a6:03c0:b392->b20a/ffff;ffb3b2:03c0:b20a->b0e0/ffff;ffb3b8:03c4:5200->7000/ff00
sweep-v350-run-1,$71,yes,$71,$FFB0BC,FILE 1  TUTORIAL BNK,FILE 1  TUTORIAL BNK,no,10/10,$B0E0,$FFB0E0,ffb156:03c0:b0e0->b392/ffff;ffb1ce:03c4:7000->5400/ff00
sweep-v350-run-1,$72,yes,$72,$FFB0BC,FILE 1  TUTORIAL BNK,FILE 1  TUTORIAL BNK,no,10/10,$B392,$FFB392,ffb3a6:03c0:b392->b20a/ffff;ffb3b2:03c0:b20a->b0e0/ffff;ffb3b8:03c4:5400->7200/ff00
sweep-v350-run-1,$73,yes,$73,$FFB0BC,FILE 1  TUTORIAL BNK,FILE 1  TUTORIAL BNK,no,10/10,$B0E0,$FFB0E0,ffb156:03c0:b0e0->b392/ffff;ffb1ce:03c4:7200->5600/ff00
sweep-v350-run-1,$74,yes,$74,$FFB0BC,FILE 1  TUTORIAL BNK,FILE 1  TUTORIAL BNK,no,10/10,$B392,$FFB392,ffb3a6:03c0:b392->b20a/ffff;ffb3b2:03c0:b20a->b0e0/ffff;ffb3b8:03c4:5600->7400/ff00
sweep-v350-run-1,$75,yes,$75,$FFB0BC,FILE 1  TUTORIAL BNK,FILE 1  TUTORIAL BNK,no,10/10,$B0E0,$FFB0E0,ffb156:03c0:b0e0->b392/ffff;ffb1ce:03c4:7400->5800/ff00
sweep-v350-run-1,$76,yes,$76,$FFB0BC,FILE 1  TUTORIAL BNK,FILE 1  TUTORIAL BNK,no,10/10,$B392,$FFB392,ffb3a6:03c0:b392->b20a/ffff;ffb3b2:03c0:b20a->b0e0/ffff;ffb3b8:03c4:5800->7600/ff00
sweep-v350-run-1,$77,yes,$77,$FFB0BC,FILE 1  TUTORIAL BNK,FILE 1  TUTORIAL BNK,no,10/10,$B0E0,$FFB0E0,ffb156:03c0:b0e0->b392/ffff;ffb1ce:03c4:7600->5a00/ff00
sweep-v350-run-1,$78,yes,$78,$FFB0BC,FILE 1  TUTORIAL BNK,FILE 1  TUTORIAL BNK,no,10/10,$B392,$FFB392,ffb3a6:03c0:b392->b20a/ffff;ffb3b2:03c0:b20a->b0e0/ffff;ffb3b8:03c4:5a00->7800/ff00
sweep-v350-run-1,$79,yes,$79,$FFB0BC,FILE 1  TUTORIAL BNK,FILE 1  TUTORIAL BNK,no,10/10,$B0E0,$FFB0E0,ffb156:03c0:b0e0->b392/ffff;ffb1ce:03c4:7800->5c00/ff00
sweep-v350-run-1,$7A,yes,$7A,$FFB0BC,FILE 1  TUTORIAL BNK,FILE 1  TUTORIAL BNK,no,10/10,$B392,$FFB392,ffb3a6:03c0:b392->b20a/ffff;ffb3b2:03c0:b20a->b0e0/ffff;ffb3b8:03c4:5c00->7a00/ff00
sweep-v350-run-1,$7B,yes,$7B,$FFB0BC,FILE 1  TUTORIAL BNK,FILE 1  TUTORIAL BNK,no,10/10,$B0E0,$FFB0E0,ffb156:03c0:b0e0->b392/ffff;ffb1ce:03c4:7a00->5e00/ff00
sweep-v350-run-1,$7C,yes,$7C,$FFB0BC,FILE 1  TUTORIAL BNK,FILE 1  TUTORIAL BNK,no,10/10,$B392,$FFB392,ffb3a6:03c0:b392->b20a/ffff;ffb3b2:03c0:b20a->b0e0/ffff;ffb3b8:03c4:5e00->7c00/ff00
sweep-v350-run-1,$7D,yes,$7D,$FFB0BC,FILE 1  TUTORIAL BNK,FILE 1  TUTORIAL BNK,no,10/10,$B0E0,$FFB0E0,ffb156:03c0:b0e0->b392/ffff;ffb1ce:03c4:7c00->6000/ff00
sweep-v350-run-1,$7E,yes,$7E,$FFB0BC,FILE 1  TUTORIAL BNK,FILE 1  TUTORIAL BNK,no,10/10,$B392,$FFB392,ffb3a6:03c0:b392->b20a/ffff;ffb3b2:03c0:b20a->b0e0/ffff;ffb3b8:03c4:6000->7e00/ff00
sweep-v350-run-1,$7F,yes,$7F,$FFB0BC,FILE 1  TUTORIAL BNK,FILE 1  TUTORIAL BNK,no,10/10,$B0E0,$FFB0E0,ffb156:03c0:b0e0->b392/ffff;ffb1ce:03c4:7e00->6200/ff00
sweep-v350-run-1,$80,yes,$80,$FFB0BC,FILE 1  TUTORIAL BNK,FILE 1  TUTORIAL BNK,no,10/10,$B392,$FFB392,ffb3a6:03c0:b392->b20a/ffff;ffb3b8:03c4:6200->0000/ff00
sweep-v350-run-1,$81,yes,$81,$FFB0BC,FILE 1  TUTORIAL BNK,FILE 1  TUTORIAL BNK,no,10/10,$B20A,$FFB20A,ffb266:03c0:b20a->b392/ffff;ffb2c8:03c4:0000->2400/ff00
sweep-v350-run-1,$82,yes,$82,$FFB0BC,FILE 1  TUTORIAL BNK,FILE 1  TUTORIAL BNK,no,10/10,$B392,$FFB392,ffb3a6:03c0:b392->b20a/ffff;ffb3b8:03c4:2400->0200/ff00
sweep-v350-run-1,$83,yes,$83,$FFB0BC,FILE 1  TUTORIAL BNK,FILE 1  TUTORIAL BNK,no,10/10,$B20A,$FFB20A,ffb266:03c0:b20a->b392/ffff;ffb2c8:03c4:0200->2600/ff00
sweep-v350-run-1,$84,yes,$84,$FFB0BC,FILE 1  TUTORIAL BNK,FILE 1  TUTORIAL BNK,no,10/10,$B392,$FFB392,ffb3a6:03c0:b392->b20a/ffff;ffb3b8:03c4:2600->0400/ff00
sweep-v350-run-1,$85,yes,$85,$FFB0BC,FILE 1  TUTORIAL BNK,FILE 1  TUTORIAL BNK,no,10/10,$B20A,$FFB20A,ffb266:03c0:b20a->b392/ffff;ffb2c8:03c4:0400->2800/ff00
sweep-v350-run-1,$86,yes,$86,$FFB0BC,FILE 1  TUTORIAL BNK,FILE 1  TUTORIAL BNK,no,10/10,$B392,$FFB392,ffb3a6:03c0:b392->b20a/ffff;ffb3b8:03c4:2800->0600/ff00
sweep-v350-run-1,$87,yes,$87,$FFB0BC,FILE 1  TUTORIAL BNK,FILE 1  TUTORIAL BNK,no,10/10,$B20A,$FFB20A,ffb266:03c0:b20a->b392/ffff;ffb2c8:03c4:0600->2a00/ff00
sweep-v350-run-1,$88,yes,$88,$FFB0BC,FILE 1  TUTORIAL BNK,FILE 1  TUTORIAL BNK,no,10/10,$B392,$FFB392,ffb3a6:03c0:b392->b20a/ffff;ffb3b8:03c4:2a00->0800/ff00
sweep-v350-run-1,$89,yes,$89,$FFB0BC,FILE 1  TUTORIAL BNK,FILE 1  TUTORIAL BNK,no,10/10,$B20A,$FFB20A,ffb266:03c0:b20a->b392/ffff;ffb2c8:03c4:0800->2c00/ff00
sweep-v350-run-1,$8A,yes,$8A,$FFB0BC,FILE 1  TUTORIAL BNK,FILE 1  TUTORIAL BNK,no,10/10,$B392,$FFB392,ffb3a6:03c0:b392->b20a/ffff;ffb3b8:03c4:2c00->0a00/ff00
sweep-v350-run-1,$8B,yes,$8B,$FFB0BC,FILE 1  TUTORIAL BNK,FILE 1  TUTORIAL BNK,no,10/10,$B20A,$FFB20A,ffb266:03c0:b20a->b392/ffff;ffb2c8:03c4:0a00->2e00/ff00
sweep-v350-run-1,$8C,yes,$8C,$FFB0BC,FILE 1  TUTORIAL BNK,FILE 1  TUTORIAL BNK,no,10/10,$B392,$FFB392,ffb3a6:03c0:b392->b20a/ffff;ffb3b8:03c4:2e00->0c00/ff00
sweep-v350-run-1,$8D,yes,$8D,$FFB0BC,FILE 1  TUTORIAL BNK,FILE 1  TUTORIAL BNK,no,10/10,$B20A,$FFB20A,ffb266:03c0:b20a->b392/ffff;ffb2c8:03c4:0c00->3000/ff00
sweep-v350-run-1,$8E,yes,$8E,$FFB0BC,FILE 1  TUTORIAL BNK,FILE 1  TUTORIAL BNK,no,10/10,$B392,$FFB392,ffb3a6:03c0:b392->b20a/ffff;ffb3b8:03c4:3000->0e00/ff00
sweep-v350-run-1,$8F,yes,$8F,$FFB0BC,FILE 1  TUTORIAL BNK,FILE 1  TUTORIAL BNK,no,10/10,$B20A,$FFB20A,ffb266:03c0:b20a->b392/ffff;ffb2c8:03c4:0e00->3200/ff00
sweep-v350-run-1,$90,yes,$90,$FFB0BC,FILE 1  TUTORIAL BNK,FILE 1  TUTORIAL BNK,no,10/10,$B392,$FFB392,ffb3a6:03c0:b392->b20a/ffff;ffb3b8:03c4:3200->1000/ff00
sweep-v350-run-1,$91,yes,$91,$FFB0BC,FILE 1  TUTORIAL BNK,FILE 1  TUTORIAL BNK,no,10/10,$B20A,$FFB20A,ffb266:03c0:b20a->b392/ffff;ffb2c8:03c4:1000->3400/ff00
sweep-v350-run-1,$92,yes,$92,$FFB0BC,FILE 1  TUTORIAL BNK,FILE 1  TUTORIAL BNK,no,10/10,$B392,$FFB392,ffb3a6:03c0:b392->b20a/ffff;ffb3b8:03c4:3400->1200/ff00
sweep-v350-run-1,$93,yes,$93,$FFB0BC,FILE 1  TUTORIAL BNK,FILE 1  TUTORIAL BNK,no,10/10,$B20A,$FFB20A,ffb266:03c0:b20a->b392/ffff;ffb2c8:03c4:1200->3600/ff00
sweep-v350-run-1,$94,yes,$94,$FFB0BC,FILE 1  TUTORIAL BNK,FILE 1  TUTORIAL BNK,no,10/10,$B392,$FFB392,ffb3a6:03c0:b392->b20a/ffff;ffb3b8:03c4:3600->1400/ff00
sweep-v350-run-1,$95,yes,$95,$FFB0BC,FILE 1  TUTORIAL BNK,FILE 1  TUTORIAL BNK,no,10/10,$B20A,$FFB20A,ffb266:03c0:b20a->b392/ffff;ffb2c8:03c4:1400->3800/ff00
sweep-v350-run-1,$96,yes,$96,$FFB0BC,FILE 1  TUTORIAL BNK,FILE 1  TUTORIAL BNK,no,10/10,$B392,$FFB392,ffb3a6:03c0:b392->b20a/ffff;ffb3b8:03c4:3800->1600/ff00
sweep-v350-run-1,$97,yes,$97,$FFB0BC,FILE 1  TUTORIAL BNK,FILE 1  TUTORIAL BNK,no,10/10,$B20A,$FFB20A,ffb266:03c0:b20a->b392/ffff;ffb2c8:03c4:1600->3a00/ff00
sweep-v350-run-1,$98,yes,$98,$FFB0BC,FILE 1  TUTORIAL BNK,FILE 1  TUTORIAL BNK,no,10/10,$B392,$FFB392,ffb3a6:03c0:b392->b20a/ffff;ffb3b8:03c4:3a00->1800/ff00
sweep-v350-run-1,$99,yes,$99,$FFB0BC,FILE 1  TUTORIAL BNK,FILE 1  TUTORIAL BNK,no,10/10,$B20A,$FFB20A,ffb266:03c0:b20a->b392/ffff;ffb2c8:03c4:1800->3c00/ff00
sweep-v350-run-1,$9A,yes,$9A,$FFB0BC,FILE 1  TUTORIAL BNK,FILE 1  TUTORIAL BNK,no,10/10,$B392,$FFB392,ffb3a6:03c0:b392->b20a/ffff;ffb3b8:03c4:3c00->1a00/ff00
sweep-v350-run-1,$9B,yes,$9B,$FFB0BC,FILE 1  TUTORIAL BNK,FILE 1  TUTORIAL BNK,no,10/10,$B20A,$FFB20A,ffb266:03c0:b20a->b392/ffff;ffb2c8:03c4:1a00->3e00/ff00
sweep-v350-run-1,$9C,yes,$9C,$FFB0BC,FILE 1  TUTORIAL BNK,FILE 1  TUTORIAL BNK,no,10/10,$B392,$FFB392,ffb3a6:03c0:b392->b20a/ffff;ffb3b8:03c4:3e00->1c00/ff00
sweep-v350-run-1,$9D,yes,$9D,$FFB0BC,FILE 1  TUTORIAL BNK,FILE 1  TUTORIAL BNK,no,10/10,$B20A,$FFB20A,ffb266:03c0:b20a->b392/ffff;ffb2c8:03c4:1c00->4000/ff00
sweep-v350-run-1,$9E,yes,$9E,$FFB0BC,FILE 1  TUTORIAL BNK,FILE 1  TUTORIAL BNK,no,10/10,$B392,$FFB392,ffb3a6:03c0:b392->b20a/ffff;ffb3b8:03c4:4000->1e00/ff00
sweep-v350-run-1,$9F,yes,$9F,$FFB0BC,FILE 1  TUTORIAL BNK,FILE 1  TUTORIAL BNK,no,10/10,$B20A,$FFB20A,ffb266:03c0:b20a->b392/ffff;ffb2c8:03c4:1e00->4200/ff00
sweep-v350-run-1,$A0,yes,$A0,$FFB0BC,FILE 1  TUTORIAL BNK,FILE 1  TUTORIAL BNK,no,10/10,$B392,$FFB392,ffb3a6:03c0:b392->b20a/ffff;ffb3b8:03c4:4200->2000/ff00
sweep-v350-run-1,$A1,yes,$A1,$FFB0BC,FILE 1  TUTORIAL BNK,FILE 1  TUTORIAL BNK,no,10/10,$B20A,$FFB20A,ffb266:03c0:b20a->b392/ffff;ffb2c8:03c4:2000->4400/ff00
sweep-v350-run-1,$A2,yes,$A2,$FFB0BC,FILE 1  TUTORIAL BNK,FILE 1  TUTORIAL BNK,no,10/10,$B392,$FFB392,ffb3a6:03c0:b392->b20a/ffff;ffb3b8:03c4:4400->2200/ff00
sweep-v350-run-1,$A3,yes,$A3,$FFB0BC,FILE 1  TUTORIAL BNK,FILE 1  TUTORIAL BNK,no,10/10,$B20A,$FFB20A,ffb266:03c0:b20a->b392/ffff;ffb2c8:03c4:2200->4600/ff00
sweep-v350-run-1,$A4,yes,$A4,$FFB0BC,FILE 1  TUTORIAL BNK,FILE 1  TUTORIAL BNK,no,10/10,$B392,$FFB392,ffb3a6:03c0:b392->b20a/ffff;ffb3b8:03c4:4600->2400/ff00
sweep-v350-run-1,$A5,yes,$A5,$FFB0BC,FILE 1  TUTORIAL BNK,FILE 1  TUTORIAL BNK,no,10/10,$B20A,$FFB20A,ffb266:03c0:b20a->b392/ffff;ffb2c8:03c4:2400->4800/ff00
sweep-v350-run-1,$A6,yes,$A6,$FFB0BC,FILE 1  TUTORIAL BNK,FILE 1  TUTORIAL BNK,no,10/10,$B392,$FFB392,ffb3a6:03c0:b392->b20a/ffff;ffb3b8:03c4:4800->2600/ff00
sweep-v350-run-1,$A7,yes,$A7,$FFB0BC,FILE 1  TUTORIAL BNK,FILE 1  TUTORIAL BNK,no,10/10,$B20A,$FFB20A,ffb266:03c0:b20a->b392/ffff;ffb2c8:03c4:2600->4a00/ff00
sweep-v350-run-1,$A8,yes,$A8,$FFB0BC,FILE 1  TUTORIAL BNK,FILE 1  TUTORIAL BNK,no,10/10,$B392,$FFB392,ffb3a6:03c0:b392->b20a/ffff;ffb3b8:03c4:4a00->2800/ff00
sweep-v350-run-1,$A9,yes,$A9,$FFB0BC,FILE 1  TUTORIAL BNK,FILE 1  TUTORIAL BNK,no,10/10,$B20A,$FFB20A,ffb266:03c0:b20a->b392/ffff;ffb2c8:03c4:2800->4c00/ff00
sweep-v350-run-1,$AA,yes,$AA,$FFB0BC,FILE 1  TUTORIAL BNK,FILE 1  TUTORIAL BNK,no,10/10,$B392,$FFB392,ffb3a6:03c0:b392->b20a/ffff;ffb3b8:03c4:4c00->2a00/ff00
sweep-v350-run-1,$AB,yes,$AB,$FFB0BC,FILE 1  TUTORIAL BNK,FILE 1  TUTORIAL BNK,no,10/10,$B20A,$FFB20A,ffb266:03c0:b20a->b392/ffff;ffb2c8:03c4:2a00->4e00/ff00
sweep-v350-run-1,$AC,yes,$AC,$FFB0BC,FILE 1  TUTORIAL BNK,FILE 1  TUTORIAL BNK,no,10/10,$B392,$FFB392,ffb3a6:03c0:b392->b20a/ffff;ffb3b8:03c4:4e00->2c00/ff00
sweep-v350-run-1,$AD,yes,$AD,$FFB0BC,FILE 1  TUTORIAL BNK,FILE 1  TUTORIAL BNK,no,10/10,$B20A,$FFB20A,ffb266:03c0:b20a->b392/ffff;ffb2c8:03c4:2c00->5000/ff00
sweep-v350-run-1,$AE,yes,$AE,$FFB0BC,FILE 1  TUTORIAL BNK,FILE 1  TUTORIAL BNK,no,10/10,$B392,$FFB392,ffb3a6:03c0:b392->b20a/ffff;ffb3b8:03c4:5000->2e00/ff00
sweep-v350-run-1,$AF,yes,$AF,$FFB0BC,FILE 1  TUTORIAL BNK,FILE 1  TUTORIAL BNK,no,10/10,$B20A,$FFB20A,ffb266:03c0:b20a->b392/ffff;ffb2c8:03c4:2e00->5200/ff00
sweep-v350-run-1,$B0,yes,$B0,$FFB0BC,FILE 1  TUTORIAL BNK,FILE 1  TUTORIAL BNK,no,10/10,$B392,$FFB392,ffb3a6:03c0:b392->b20a/ffff;ffb3b8:03c4:5200->3000/ff00
sweep-v350-run-1,$B1,yes,$B1,$FFB0BC,FILE 1  TUTORIAL BNK,FILE 1  TUTORIAL BNK,no,10/10,$B20A,$FFB20A,ffb266:03c0:b20a->b392/ffff;ffb2c8:03c4:3000->5400/ff00
sweep-v350-run-1,$B2,yes,$B2,$FFB0BC,FILE 1  TUTORIAL BNK,FILE 1  TUTORIAL BNK,no,10/10,$B392,$FFB392,ffb3a6:03c0:b392->b20a/ffff;ffb3b8:03c4:5400->3200/ff00
sweep-v350-run-1,$B3,yes,$B3,$FFB0BC,FILE 1  TUTORIAL BNK,FILE 1  TUTORIAL BNK,no,10/10,$B20A,$FFB20A,ffb266:03c0:b20a->b392/ffff;ffb2c8:03c4:3200->5600/ff00
sweep-v350-run-1,$B4,yes,$B4,$FFB0BC,FILE 1  TUTORIAL BNK,FILE 1  TUTORIAL BNK,no,10/10,$B392,$FFB392,ffb3a6:03c0:b392->b20a/ffff;ffb3b8:03c4:5600->3400/ff00
sweep-v350-run-1,$B5,yes,$B5,$FFB0BC,FILE 1  TUTORIAL BNK,FILE 1  TUTORIAL BNK,no,10/10,$B20A,$FFB20A,ffb266:03c0:b20a->b392/ffff;ffb2c8:03c4:3400->5800/ff00
sweep-v350-run-1,$B6,yes,$B6,$FFB0BC,FILE 1  TUTORIAL BNK,FILE 1  TUTORIAL BNK,no,10/10,$B392,$FFB392,ffb3a6:03c0:b392->b20a/ffff;ffb3b8:03c4:5800->3600/ff00
sweep-v350-run-1,$B7,yes,$B7,$FFB0BC,FILE 1  TUTORIAL BNK,FILE 1  TUTORIAL BNK,no,10/10,$B20A,$FFB20A,ffb266:03c0:b20a->b392/ffff;ffb2c8:03c4:3600->5a00/ff00
sweep-v350-run-1,$B8,yes,$B8,$FFB0BC,FILE 1  TUTORIAL BNK,FILE 1  TUTORIAL BNK,no,10/10,$B392,$FFB392,ffb3a6:03c0:b392->b20a/ffff;ffb3b8:03c4:5a00->3800/ff00
sweep-v350-run-1,$B9,yes,$B9,$FFB0BC,FILE 1  TUTORIAL BNK,FILE 1  TUTORIAL BNK,no,10/10,$B20A,$FFB20A,ffb266:03c0:b20a->b392/ffff;ffb2c8:03c4:3800->5c00/ff00
sweep-v350-run-1,$BA,yes,$BA,$FFB0BC,FILE 1  TUTORIAL BNK,FILE 1  TUTORIAL BNK,no,10/10,$B392,$FFB392,ffb3a6:03c0:b392->b20a/ffff;ffb3b8:03c4:5c00->3a00/ff00
sweep-v350-run-1,$BB,yes,$BB,$FFB0BC,FILE 1  TUTORIAL BNK,FILE 1  TUTORIAL BNK,no,10/10,$B20A,$FFB20A,ffb266:03c0:b20a->b392/ffff;ffb2c8:03c4:3a00->5e00/ff00
sweep-v350-run-1,$BC,yes,$BC,$FFB0BC,FILE 1  TUTORIAL BNK,FILE 1  TUTORIAL BNK,no,10/10,$B392,$FFB392,ffb3a6:03c0:b392->b20a/ffff;ffb3b8:03c4:5e00->3c00/ff00
sweep-v350-run-1,$BD,yes,$BD,$FFB0BC,FILE 1  TUTORIAL BNK,FILE 1  TUTORIAL BNK,no,10/10,$B20A,$FFB20A,ffb266:03c0:b20a->b392/ffff;ffb2c8:03c4:3c00->6000/ff00
sweep-v350-run-1,$BE,yes,$BE,$FFB0BC,FILE 1  TUTORIAL BNK,FILE 1  TUTORIAL BNK,no,10/10,$B392,$FFB392,ffb3a6:03c0:b392->b20a/ffff;ffb3b8:03c4:6000->3e00/ff00
sweep-v350-run-1,$BF,yes,$BF,$FFB0BC,FILE 1  TUTORIAL BNK,FILE 1  TUTORIAL BNK,no,10/10,$B20A,$FFB20A,ffb266:03c0:b20a->b392/ffff;ffb2c8:03c4:3e00->6200/ff00
sweep-v350-run-1,$C0,yes,$C0,$FFB0BC,FILE 1  TUTORIAL BNK,FILE 1  TUTORIAL BNK,no,10/10,$B392,$FFB392,ffb3c0:03c2:b392->b392/ffff;ffb3f4:03c0:b392->b392/ffff
sweep-v350-run-1,$C1,yes,$C1,$FFB0BC,FILE 1  TUTORIAL BNK,FILE 1  TUTORIAL BNK,no,10/10,$B392,$FFB392,ffb3c0:03c2:b392->b392/ffff;ffb3f4:03c0:b392->b392/ffff
sweep-v350-run-1,$C2,yes,$C2,$FFB0BC,FILE 1  TUTORIAL BNK,FILE 1  TUTORIAL BNK,no,10/10,$B392,$FFB392,ffb3c0:03c2:b392->b392/ffff;ffb3f4:03c0:b392->b392/ffff
sweep-v350-run-1,$C3,yes,$C3,$FFB0BC,FILE 1  TUTORIAL BNK,FILE 1  TUTORIAL BNK,no,10/10,$B392,$FFB392,ffb3c0:03c2:b392->b392/ffff;ffb3f4:03c0:b392->b392/ffff
sweep-v350-run-1,$C4,yes,$C4,$FFB0BC,FILE 1  TUTORIAL BNK,FILE 1  TUTORIAL BNK,no,10/10,$B392,$FFB392,ffb3c0:03c2:b392->b392/ffff;ffb3f4:03c0:b392->b392/ffff
sweep-v350-run-1,$C5,yes,$C5,$FFB0BC,FILE 1  TUTORIAL BNK,FILE 1  TUTORIAL BNK,no,10/10,$B392,$FFB392,ffb3c0:03c2:b392->b392/ffff;ffb3f4:03c0:b392->b392/ffff
sweep-v350-run-1,$C6,yes,$C6,$FFB0BC,FILE 1  TUTORIAL BNK,FILE 1  TUTORIAL BNK,no,10/10,$B392,$FFB392,ffb3c0:03c2:b392->b392/ffff;ffb3f4:03c0:b392->b392/ffff
sweep-v350-run-1,$C7,yes,$C7,$FFB0BC,FILE 1  TUTORIAL BNK,FILE 1  TUTORIAL BNK,no,10/10,$B392,$FFB392,ffb3c0:03c2:b392->b392/ffff;ffb3f4:03c0:b392->b392/ffff
sweep-v350-run-1,$C8,yes,$C8,$FFB0BC,FILE 1  TUTORIAL BNK,FILE 1  TUTORIAL BNK,no,10/10,$B392,$FFB392,ffb3c0:03c2:b392->b392/ffff;ffb3f4:03c0:b392->b392/ffff
sweep-v350-run-1,$C9,yes,$C9,$FFB0BC,FILE 1  TUTORIAL BNK,FILE 1  TUTORIAL BNK,no,10/10,$B392,$FFB392,ffb3c0:03c2:b392->b392/ffff;ffb3f4:03c0:b392->b392/ffff
sweep-v350-run-1,$CA,yes,$CA,$FFB0BC,FILE 1  TUTORIAL BNK,FILE 1  TUTORIAL BNK,no,10/10,$B392,$FFB392,ffb3c0:03c2:b392->b392/ffff;ffb3f4:03c0:b392->b392/ffff
sweep-v350-run-1,$CB,yes,$CB,$FFB0BC,FILE 1  TUTORIAL BNK,FILE 1  TUTORIAL BNK,no,10/10,$B392,$FFB392,ffb3c0:03c2:b392->b392/ffff;ffb3f4:03c0:b392->b392/ffff
sweep-v350-run-1,$CC,yes,$CC,$FFB0BC,FILE 1  TUTORIAL BNK,FILE 1  TUTORIAL BNK,no,10/10,$B392,$FFB392,ffb3c0:03c2:b392->b392/ffff;ffb3f4:03c0:b392->b392/ffff
sweep-v350-run-1,$CD,yes,$CD,$FFB0BC,FILE 1  TUTORIAL BNK,FILE 1  TUTORIAL BNK,no,10/10,$B392,$FFB392,ffb3c0:03c2:b392->b392/ffff;ffb3f4:03c0:b392->b392/ffff
sweep-v350-run-1,$CE,yes,$CE,$FFB0BC,FILE 1  TUTORIAL BNK,FILE 1  TUTORIAL BNK,no,10/10,$B392,$FFB392,ffb3c0:03c2:b392->b392/ffff;ffb3f4:03c0:b392->b392/ffff
sweep-v350-run-1,$CF,yes,$CF,$FFB0BC,FILE 1  TUTORIAL BNK,FILE 1  TUTORIAL BNK,no,10/10,$B392,$FFB392,ffb3c0:03c2:b392->b392/ffff;ffb3f4:03c0:b392->b392/ffff
sweep-v350-run-1,$D0,yes,$D0,$FFB0BC,FILE 1  TUTORIAL BNK,FILE 1  TUTORIAL BNK,no,10/10,$B392,$FFB392,ffb3c0:03c2:b392->b392/ffff;ffb3f4:03c0:b392->b392/ffff
sweep-v350-run-1,$D1,yes,$D1,$FFB0BC,FILE 1  TUTORIAL BNK,FILE 1  TUTORIAL BNK,no,10/10,$B392,$FFB392,ffb3c0:03c2:b392->b392/ffff;ffb3f4:03c0:b392->b392/ffff
sweep-v350-run-1,$D2,yes,$D2,$FFB0BC,FILE 1  TUTORIAL BNK,FILE 1  TUTORIAL BNK,no,10/10,$B392,$FFB392,ffb3c0:03c2:b392->b392/ffff;ffb3f4:03c0:b392->b392/ffff
sweep-v350-run-1,$D3,yes,$D3,$FFB0BC,FILE 1  TUTORIAL BNK,FILE 1  TUTORIAL BNK,no,10/10,$B392,$FFB392,ffb3c0:03c2:b392->b392/ffff;ffb3f4:03c0:b392->b392/ffff
sweep-v350-run-1,$D4,yes,$D4,$FFB0BC,FILE 1  TUTORIAL BNK,FILE 1  TUTORIAL BNK,no,10/10,$B392,$FFB392,ffb3c0:03c2:b392->b392/ffff;ffb3f4:03c0:b392->b392/ffff
sweep-v350-run-1,$D5,yes,$D5,$FFB0BC,FILE 1  TUTORIAL BNK,FILE 1  TUTORIAL BNK,no,10/10,$B392,$FFB392,ffb3c0:03c2:b392->b392/ffff;ffb3f4:03c0:b392->b392/ffff
sweep-v350-run-1,$D6,yes,$D6,$FFB0BC,FILE 1  TUTORIAL BNK,FILE 1  TUTORIAL BNK,no,10/10,$B392,$FFB392,ffb3c0:03c2:b392->b392/ffff;ffb3f4:03c0:b392->b392/ffff
sweep-v350-run-1,$D7,yes,$D7,$FFB0BC,FILE 1  TUTORIAL BNK,FILE 1  TUTORIAL BNK,no,10/10,$B392,$FFB392,ffb3c0:03c2:b392->b392/ffff;ffb3f4:03c0:b392->b392/ffff
sweep-v350-run-1,$D8,yes,$D8,$FFB0BC,FILE 1  TUTORIAL BNK,FILE 1  TUTORIAL BNK,no,10/10,$B392,$FFB392,ffb3c0:03c2:b392->b392/ffff;ffb3f4:03c0:b392->b392/ffff
sweep-v350-run-1,$D9,yes,$D9,$FFB0BC,FILE 1  TUTORIAL BNK,FILE 1  TUTORIAL BNK,no,10/10,$B392,$FFB392,ffb3c0:03c2:b392->b392/ffff;ffb3f4:03c0:b392->b392/ffff
sweep-v350-run-1,$DA,yes,$DA,$FFB0BC,FILE 1  TUTORIAL BNK,FILE 1  TUTORIAL BNK,no,10/10,$B392,$FFB392,ffb3c0:03c2:b392->b392/ffff;ffb3f4:03c0:b392->b392/ffff
sweep-v350-run-1,$DB,yes,$DB,$FFB0BC,FILE 1  TUTORIAL BNK,FILE 1  TUTORIAL BNK,no,10/10,$B392,$FFB392,ffb3c0:03c2:b392->b392/ffff;ffb3f4:03c0:b392->b392/ffff
sweep-v350-run-1,$DC,yes,$DC,$FFB0BC,FILE 1  TUTORIAL BNK,FILE 1  TUTORIAL BNK,no,10/10,$B392,$FFB392,ffb3c0:03c2:b392->b392/ffff;ffb3f4:03c0:b392->b392/ffff
sweep-v350-run-1,$DD,yes,$DD,$FFB0BC,FILE 1  TUTORIAL BNK,FILE 1  TUTORIAL BNK,no,10/10,$B392,$FFB392,ffb3c0:03c2:b392->b392/ffff;ffb3f4:03c0:b392->b392/ffff
sweep-v350-run-1,$DE,yes,$DE,$FFB0BC,FILE 1  TUTORIAL BNK,FILE 1  TUTORIAL BNK,no,10/10,$B392,$FFB392,ffb3c0:03c2:b392->b392/ffff;ffb3f4:03c0:b392->b392/ffff
sweep-v350-run-1,$DF,yes,$DF,$FFB0BC,FILE 1  TUTORIAL BNK,FILE 1  TUTORIAL BNK,no,10/10,$B392,$FFB392,ffb3c0:03c2:b392->b392/ffff;ffb3f4:03c0:b392->b392/ffff
sweep-v350-run-1,$E0,yes,$E0,$FFB0BC,FILE 1  TUTORIAL BNK,FILE 1  TUTORIAL BNK,no,10/10,$B392,$FFB392,ffb3c0:03c2:b392->b392/ffff;ffb3f4:03c0:b392->b392/ffff
sweep-v350-run-1,$E1,yes,$E1,$FFB0BC,FILE 1  TUTORIAL BNK,FILE 1  TUTORIAL BNK,no,10/10,$B392,$FFB392,ffb3c0:03c2:b392->b392/ffff;ffb3f4:03c0:b392->b392/ffff
sweep-v350-run-1,$E2,yes,$E2,$FFB0BC,FILE 1  TUTORIAL BNK,FILE 1  TUTORIAL BNK,no,10/10,$B392,$FFB392,ffb3c0:03c2:b392->b392/ffff;ffb3f4:03c0:b392->b392/ffff
sweep-v350-run-1,$E3,yes,$E3,$FFB0BC,FILE 1  TUTORIAL BNK,FILE 1  TUTORIAL BNK,no,10/10,$B392,$FFB392,ffb3c0:03c2:b392->b392/ffff;ffb3f4:03c0:b392->b392/ffff
sweep-v350-run-1,$E4,yes,$E4,$FFB0BC,FILE 1  TUTORIAL BNK,FILE 1  TUTORIAL BNK,no,10/10,$B392,$FFB392,ffb3c0:03c2:b392->b392/ffff;ffb3f4:03c0:b392->b392/ffff
sweep-v350-run-1,$E5,yes,$E5,$FFB0BC,FILE 1  TUTORIAL BNK,FILE 1  TUTORIAL BNK,no,10/10,$B392,$FFB392,ffb3c0:03c2:b392->b392/ffff;ffb3f4:03c0:b392->b392/ffff
sweep-v350-run-1,$E6,yes,$E6,$FFB0BC,FILE 1  TUTORIAL BNK,FILE 1  TUTORIAL BNK,no,10/10,$B392,$FFB392,ffb3c0:03c2:b392->b392/ffff;ffb3f4:03c0:b392->b392/ffff
sweep-v350-run-1,$E7,yes,$E7,$FFB0BC,FILE 1  TUTORIAL BNK,FILE 1  TUTORIAL BNK,no,10/10,$B392,$FFB392,ffb3c0:03c2:b392->b392/ffff;ffb3f4:03c0:b392->b392/ffff
sweep-v350-run-1,$E8,yes,$E8,$FFB0BC,FILE 1  TUTORIAL BNK,FILE 1  TUTORIAL BNK,no,10/10,$B392,$FFB392,ffb3c0:03c2:b392->b392/ffff;ffb3f4:03c0:b392->b392/ffff
sweep-v350-run-1,$E9,yes,$E9,$FFB0BC,FILE 1  TUTORIAL BNK,FILE 1  TUTORIAL BNK,no,10/10,$B392,$FFB392,ffb3c0:03c2:b392->b392/ffff;ffb3f4:03c0:b392->b392/ffff
sweep-v350-run-1,$EA,yes,$EA,$FFB0BC,FILE 1  TUTORIAL BNK,FILE 1  TUTORIAL BNK,no,10/10,$B392,$FFB392,ffb3c0:03c2:b392->b392/ffff;ffb3f4:03c0:b392->b392/ffff
sweep-v350-run-1,$EB,yes,$EB,$FFB0BC,FILE 1  TUTORIAL BNK,FILE 1  TUTORIAL BNK,no,10/10,$B392,$FFB392,ffb3c0:03c2:b392->b392/ffff;ffb3f4:03c0:b392->b392/ffff
sweep-v350-run-1,$EC,yes,$EC,$FFB0BC,FILE 1  TUTORIAL BNK,FILE 1  TUTORIAL BNK,no,10/10,$B392,$FFB392,ffb3c0:03c2:b392->b392/ffff;ffb3f4:03c0:b392->b392/ffff
sweep-v350-run-1,$ED,yes,$ED,$FFB0BC,FILE 1  TUTORIAL BNK,FILE 1  TUTORIAL BNK,no,10/10,$B392,$FFB392,ffb3c0:03c2:b392->b392/ffff;ffb3f4:03c0:b392->b392/ffff
sweep-v350-run-1,$EE,yes,$EE,$FFB0BC,FILE 1  TUTORIAL BNK,FILE 1  TUTORIAL BNK,no,10/10,$B392,$FFB392,ffb3c0:03c2:b392->b392/ffff;ffb3f4:03c0:b392->b392/ffff
sweep-v350-run-1,$EF,yes,$EF,$FFB0BC,FILE 1  TUTORIAL BNK,FILE 1  TUTORIAL BNK,no,10/10,$B392,$FFB392,ffb3c0:03c2:b392->b392/ffff;ffb3f4:03c0:b392->b392/ffff
sweep-v350-run-1,$F0,yes,$F0,$FFB0BC,FILE 1  TUTORIAL BNK,FILE 1  TUTORIAL BNK,no,10/10,$B392,$FFB392,ffb3c0:03c2:b392->b392/ffff;ffb3f4:03c0:b392->b392/ffff
sweep-v350-run-1,$F1,yes,$F1,$FFB0BC,FILE 1  TUTORIAL BNK,FILE 1  TUTORIAL BNK,no,10/10,$B392,$FFB392,ffb3c0:03c2:b392->b392/ffff;ffb3f4:03c0:b392->b392/ffff
sweep-v350-run-1,$F2,yes,$F2,$FFB0BC,FILE 1  TUTORIAL BNK,FILE 1  TUTORIAL BNK,no,10/10,$B392,$FFB392,ffb3c0:03c2:b392->b392/ffff;ffb3f4:03c0:b392->b392/ffff
sweep-v350-run-1,$F3,yes,$F3,$FFB0BC,FILE 1  TUTORIAL BNK,FILE 1  TUTORIAL BNK,no,10/10,$B392,$FFB392,ffb3c0:03c2:b392->b392/ffff;ffb3f4:03c0:b392->b392/ffff
sweep-v350-run-1,$F4,yes,$F4,$FFB0BC,FILE 1  TUTORIAL BNK,FILE 1  TUTORIAL BNK,no,10/10,$B392,$FFB392,ffb3c0:03c2:b392->b392/ffff;ffb3f4:03c0:b392->b392/ffff
sweep-v350-run-1,$F5,yes,$F5,$FFB0BC,FILE 1  TUTORIAL BNK,FILE 1  TUTORIAL BNK,no,10/10,$B392,$FFB392,ffb3c0:03c2:b392->b392/ffff;ffb3f4:03c0:b392->b392/ffff
sweep-v350-run-1,$F6,yes,$F6,$FFB0BC,FILE 1  TUTORIAL BNK,FILE 1  TUTORIAL BNK,no,10/10,$B392,$FFB392,ffb3c0:03c2:b392->b392/ffff;ffb3f4:03c0:b392->b392/ffff
sweep-v350-run-1,$F7,yes,$F7,$FFB0BC,FILE 1  TUTORIAL BNK,FILE 1  TUTORIAL BNK,no,10/10,$B392,$FFB392,ffb3c0:03c2:b392->b392/ffff;ffb3e8:03c4:6200->6200/00ff;ffb3ec:03c0:b392->b414/ffff
sweep-v350-run-1,$F8,yes,$F8,$FFB0BC,FILE 1  TUTORIAL BNK,FILE 1  TUTORIAL BNK,no,10/10,$B414,$FFB414,ffb414:03c0:b414->b392/ffff;ffb3c0:03c2:b392->b392/ffff;ffb3f4:03c0:b392->b392/ffff
sweep-v350-run-1,$F9,yes,$F9,$FFB0BC,FILE 1  TUTORIAL BNK,FILE 1  TUTORIAL BNK,no,10/10,$B392,$FFB392,ffb3c0:03c2:b392->b392/ffff;ffb3f4:03c0:b392->b392/ffff
sweep-v350-run-1,$FA,yes,$FA,$FFB0BC,FILE 1  TUTORIAL BNK,FILE 1  TUTORIAL BNK,no,10/10,$B392,$FFB392,ffb3c0:03c2:b392->b392/ffff;ffb3f4:03c0:b392->b392/ffff
sweep-v350-run-1,$FB,yes,$FB,$FFB0BC,FILE 1  TUTORIAL BNK,FILE 1  TUTORIAL BNK,no,10/10,$B392,$FFB392,ffb3c0:03c2:b392->b392/ffff;ffb3f4:03c0:b392->b392/ffff
sweep-v350-run-1,$FC,yes,$FC,$FFB0BC,FILE 1  TUTORIAL BNK,FILE 1  TUTORIAL BNK,no,10/10,$B392,$FFB392,ffb3c0:03c2:b392->b392/ffff;ffb3da:03c0:b392->b3fe/ffff
sweep-v350-run-1,$FD,yes,$FD,$FFB0BC,FILE 1  TUTORIAL BNK,FILE 1  TUTORIAL BNK,no,10/10,$B3FE,$FFB3FE,ffb3fe:03c6:0000->fd00/ff00;f89ace:03c4:6200->6200/00ff;ffb3f4:03c0:b3fe->b392/ffff
sweep-v350-run-1,$FE,yes,$FE,$FFB0BC,FILE 1  TUTORIAL BNK,FILE 1  TUTORIAL BNK,no,10/10,$B392,$FFB392,ffb3c0:03c2:b392->b392/ffff;ffb3f4:03c0:b392->b392/ffff
sweep-v350-run-1,$FF,yes,$FF,$FFB0BC,FILE 1  TUTORIAL BNK,FILE 1  TUTORIAL BNK,no,10/10,$B392,$FFB392,ffb3c0:03c2:b392->b392/ffff;f89ace:03c4:6200->6200/00ff
