rom_addr,V161_jsr,V161_jmp,V161_vector,V350_jsr,V350_jmp,V350_vector,status
$F87F76,0,0,1,0,0,1,BADA
$F87FD2,5,0,0,5,0,0,BADA
$F88056,0,0,1,0,0,1,BADA
$F88066,0,0,1,0,0,1,BADA
$F88078,0,0,1,0,0,1,BADA
$F880A2,0,0,1,0,0,1,BADA
$F880B6,0,0,1,0,0,1,BADA
$F880D6,0,0,1,0,0,1,BADA
$F88108,0,0,1,0,0,1,BADA
$F8812C,0,0,1,0,0,1,BADA
$F88138,0,0,1,0,0,1,BADA
$F88174,0,0,1,0,0,1,BADA
$F881E6,0,0,1,0,0,1,BADA
$F881F6,0,0,1,0,0,1,BADA
$F8822C,1,0,0,2,0,0,BADA
$F88280,0,0,1,0,0,1,BADA
$F882AA,0,0,1,0,0,1,BADA
$F882AE,0,0,1,0,0,1,BADA
$F882B6,0,0,1,0,0,1,BADA
$F882BA,0,0,1,0,0,1,BADA
$F882BE,0,0,1,0,0,1,BADA
$F882C2,0,0,1,0,0,1,BADA
$F882C6,0,0,1,0,0,1,BADA
$F882CA,0,0,1,0,0,1,BADA
$F882D6,0,0,1,0,0,1,BADA
$F882DA,0,0,19,0,0,19,BADA
$F88300,0,1,0,0,1,0,BADA
$F883FE,1,0,0,1,0,0,BADA
$F88438,0,1,0,0,1,0,BADA
$F88458,0,1,0,0,1,0,BADA
$F88512,0,1,0,0,1,0,BADA
$F88516,1,0,0,1,0,0,BADA
$F8854A,0,1,0,0,1,0,BADA
$F8855E,0,1,0,0,1,0,BADA
$F885C6,0,1,0,0,1,0,BADA
$F88784,0,1,0,0,1,0,BADA
$F88818,0,1,0,0,1,0,BADA
$F88838,0,1,0,0,1,0,BADA
$F8891C,0,1,0,0,1,0,BADA
$F8892A,0,1,0,0,1,0,BADA
$F88934,0,1,0,0,1,0,BADA
$F889B2,0,1,0,0,1,0,BADA
$F890E6,0,1,0,0,1,0,BADA
$F89102,1,0,0,1,0,0,BADA
$F89170,1,0,0,1,0,0,BADA
$F89188,1,0,0,1,0,0,BADA
$F891E4,0,1,0,0,1,0,BADA
$F8920A,0,1,0,0,1,0,BADA
$F89266,1,0,0,1,0,0,BADA
$F8928A,1,0,0,1,0,0,BADA
$F8929A,0,1,0,0,1,0,BADA
$F892C2,2,0,0,2,0,0,BADA
$F8932A,2,0,0,2,0,0,BADA
$F89348,0,1,0,0,1,0,BADA
$F89354,0,1,0,0,1,0,BADA
$F8937E,1,1,0,1,1,0,BADA
$F8938E,0,1,0,0,1,0,BADA
$F8941C,2,0,0,2,1,0,BADA
$F89442,1,0,0,1,0,0,BADA
$F8947E,0,1,0,0,1,0,BADA
$F8948E,0,1,0,0,0,0,ENDAST_V161
$F894A4,0,0,0,0,1,0,ENDAST_V350
$F894FE,0,1,0,0,1,0,BADA
$F895EC,0,1,0,0,1,0,BADA
$F8960C,0,1,0,0,1,0,BADA
$F8964E,1,0,0,1,0,0,BADA
$F8967A,1,0,0,1,0,0,BADA
$F89694,0,1,0,0,1,0,BADA
$F896B4,1,0,0,1,0,0,BADA
$F8971A,1,1,0,2,1,0,BADA
$F8974C,0,1,0,0,1,0,BADA
$F89778,0,1,0,0,1,0,BADA
$F89794,1,0,0,1,0,0,BADA
$F89798,1,0,0,1,0,0,BADA
$F897B0,1,0,0,0,0,0,ENDAST_V161
$F897D2,0,0,0,0,1,0,ENDAST_V350
$F89810,0,0,0,0,1,0,ENDAST_V350
$F89824,1,0,0,1,0,0,BADA
$F8983A,0,1,0,0,1,0,BADA
$F8986A,1,0,0,1,0,0,BADA
$F8988E,0,1,0,0,1,0,BADA
$F898C0,0,1,0,0,1,0,BADA
$F89944,0,1,0,0,1,0,BADA
$F89956,0,1,0,0,1,0,BADA
$F89978,3,0,0,3,0,0,BADA
$F89988,1,0,0,1,0,0,BADA
$F899C2,1,0,0,1,0,0,BADA
$F89A34,0,1,0,0,1,0,BADA
$F89A5A,0,1,0,0,1,0,BADA
$F89A9A,2,0,0,2,0,0,BADA
$F89AD4,0,1,0,0,1,0,BADA
$F89AEC,2,0,0,4,0,0,BADA
$F89B9A,0,1,0,0,1,0,BADA
$F89BDE,3,0,0,3,0,0,BADA
$F89C94,1,0,0,1,0,0,BADA
$F89CF6,2,0,0,1,0,0,BADA
$F89DFE,0,0,0,1,0,0,ENDAST_V350
$F89E20,0,1,0,0,1,0,BADA
$F89E84,0,1,0,0,1,0,BADA
$F89EB4,0,1,0,0,0,0,ENDAST_V161
$F89EBE,0,0,0,0,1,0,ENDAST_V350
$F89ECC,0,0,0,0,1,0,ENDAST_V350
$F89F06,0,0,0,0,1,0,ENDAST_V350
$F89FB0,0,1,0,0,1,0,BADA
$F8A002,1,0,0,1,0,0,BADA
$F8A036,0,1,0,0,1,0,BADA
$F8A048,0,1,0,0,1,0,BADA
$F8A0B0,0,1,0,0,0,0,ENDAST_V161
$F8A0C4,0,0,0,0,1,0,ENDAST_V350
$F8A0CC,1,0,0,0,1,0,BADA
$F8A0F6,0,1,0,0,1,0,BADA
$F8A11C,0,1,0,0,1,0,BADA
$F8A166,0,0,0,1,0,0,ENDAST_V350
$F8A246,0,1,0,0,1,0,BADA
$F8A44E,0,1,0,0,1,0,BADA
$F8A564,0,1,0,1,1,0,BADA
$F8A69E,0,1,0,0,1,0,BADA
$F8A6F4,0,1,0,0,1,0,BADA
$F8A6FE,0,1,0,0,1,0,BADA
$F8A71A,0,1,0,0,1,0,BADA
$F8A72C,0,1,0,0,1,0,BADA
$F8A7DC,0,1,0,0,1,0,BADA
$F8A80A,1,0,0,1,0,0,BADA
$F8A828,0,1,0,0,0,0,ENDAST_V161
$F8A83E,1,0,0,1,0,0,BADA
$F8A856,1,0,0,1,0,0,BADA
$F8A868,1,0,0,1,0,0,BADA
$F8A87E,1,0,0,1,0,0,BADA
$F8A8CE,4,0,0,4,0,0,BADA
$F8A8FC,1,0,0,1,0,0,BADA
$F8A942,1,0,0,1,0,0,BADA
$F8A96A,1,0,0,1,0,0,BADA
$F8A99E,1,0,0,0,0,0,ENDAST_V161
$F8A9B4,0,0,0,0,1,0,ENDAST_V350
$F8AA0E,1,0,0,1,0,0,BADA
$F8AA1E,1,0,0,1,0,0,BADA
$F8AACC,0,1,0,0,1,0,BADA
$F8AB08,2,0,0,2,0,0,BADA
$F8AB28,0,1,0,0,1,0,BADA
$F8AB48,3,0,0,3,0,0,BADA
$F8AB5A,0,1,0,0,1,0,BADA
$F8AC1A,1,0,0,1,0,0,BADA
$F8AC2C,0,1,0,0,1,0,BADA
$F8AC92,0,1,0,0,1,0,BADA
$F8ACEA,0,1,0,0,1,0,BADA
$F8ACF6,1,0,0,1,0,0,BADA
$F8AD52,1,0,0,1,0,0,BADA
$F8AD78,2,0,0,2,0,0,BADA
$F8AD90,2,0,0,2,0,0,BADA
$F8ADAC,1,0,0,1,0,0,BADA
$F8ADC6,0,1,0,0,1,0,BADA
$F8AE98,0,1,0,0,1,0,BADA
$F8AECC,1,0,0,1,0,0,BADA
$F8AF02,1,0,0,1,0,0,BADA
$F8AF52,0,1,0,0,1,0,BADA
$F8AFCC,1,0,0,1,0,0,BADA
$F8B002,0,1,0,0,1,0,BADA
$F8B018,1,0,0,1,0,0,BADA
$F8B054,1,0,0,1,0,0,BADA
$F8B058,1,0,0,1,0,0,BADA
$F8B0AA,1,0,0,1,0,0,BADA
$F8B0EA,0,1,0,0,1,0,BADA
$F8B11E,0,1,0,0,1,0,BADA
$F8B152,0,1,0,0,1,0,BADA
$F8B188,0,1,0,0,1,0,BADA
$F8B198,0,1,0,0,1,0,BADA
$F8B1C0,0,1,0,0,1,0,BADA
$F8B1F0,0,1,0,0,1,0,BADA
$F8B262,0,1,0,0,1,0,BADA
$F8B28E,0,1,0,0,1,0,BADA
$F8B2BA,0,1,0,0,1,0,BADA
$F8B2E2,0,1,0,0,1,0,BADA
$F8B2FC,0,1,0,0,1,0,BADA
$F8B316,0,1,0,0,1,0,BADA
$F8B328,0,1,0,0,1,0,BADA
$F8B37A,0,1,0,0,1,0,BADA
$F8B394,0,1,0,0,1,0,BADA
$F8B3B4,3,0,0,3,0,0,BADA
$F8B3D0,0,1,0,0,1,0,BADA
$F8B3F0,0,1,0,0,1,0,BADA
$F8B418,0,1,0,0,1,0,BADA
$F8B44A,0,1,0,0,1,0,BADA
$F8B470,0,1,0,0,1,0,BADA
$F8B488,0,1,0,0,1,0,BADA
$F8B4A0,0,1,0,0,1,0,BADA
$F8B504,0,1,0,0,1,0,BADA
$F8B568,0,1,0,0,1,0,BADA
$F8B586,0,0,0,1,0,0,ENDAST_V350
$F8B594,0,1,0,0,1,0,BADA
$F8B5E0,1,0,0,1,0,0,BADA
$F8B62C,0,1,0,0,1,0,BADA
$F8B674,0,1,0,0,1,0,BADA
$F8B68C,0,1,0,0,1,0,BADA
$F8B6AE,1,0,0,1,0,0,BADA
$F8B6D0,1,0,0,1,0,0,BADA
$F8B6FC,0,1,0,0,1,0,BADA
$F8B75E,0,0,0,1,0,0,ENDAST_V350
$F8B7A2,1,0,0,1,0,0,BADA
$F8B7B4,1,0,0,1,0,0,BADA
$F8B7D6,1,0,0,1,0,0,BADA
$F8B800,1,0,0,1,0,0,BADA
$F8B81C,2,0,0,2,0,0,BADA
$F8B832,1,0,0,1,0,0,BADA
$F8B866,0,1,0,0,1,0,BADA
$F8B900,2,0,0,2,0,0,BADA
$F8B928,0,1,0,0,1,0,BADA
$F8B9C8,1,0,0,1,0,0,BADA
$F8B9F0,0,1,0,0,0,0,ENDAST_V161
$F8BAC6,0,1,0,0,0,0,ENDAST_V161
$F8BB70,0,0,0,0,1,0,ENDAST_V350
$F8BC2A,0,0,0,0,1,0,ENDAST_V350
$F8BCAC,0,1,0,0,1,0,BADA
$F8BD36,1,1,0,1,1,0,BADA
$F8BE1E,0,1,0,0,0,0,ENDAST_V161
$F8BE26,0,1,0,0,0,0,ENDAST_V161
$F8BE9A,0,0,0,1,0,0,ENDAST_V350
$F8BEDC,0,0,0,1,0,0,ENDAST_V350
$F8C012,0,0,0,3,0,0,ENDAST_V350
$F8C07C,0,1,0,0,1,0,BADA
$F8C09E,0,0,0,3,0,0,ENDAST_V350
$F8C0CE,0,1,0,0,1,0,BADA
$F8C0E6,4,0,0,4,0,0,BADA
$F8C142,2,0,0,2,0,0,BADA
$F8C16C,0,1,0,0,1,0,BADA
$F8C188,0,1,0,0,1,0,BADA
$F8C1A2,1,0,0,1,0,0,BADA
$F8C1BE,0,1,0,0,1,0,BADA
$F8C2CC,0,0,0,0,1,0,ENDAST_V350
$F8C412,0,1,0,0,1,0,BADA
$F8C492,1,1,0,0,0,0,ENDAST_V161
$F8C4FC,0,0,0,0,1,0,ENDAST_V350
$F8C55C,0,0,0,0,1,0,ENDAST_V350
$F8C55E,4,0,0,4,0,0,BADA
$F8C59C,1,0,0,1,0,0,BADA
$F8C5E6,0,1,0,0,1,0,BADA
$F8C854,2,0,0,2,0,0,BADA
$F8C888,2,0,0,2,0,0,BADA
$F8C8D6,1,0,0,2,0,0,BADA
$F8C8E4,1,0,0,1,0,0,BADA
$F8C8F8,1,0,0,0,0,0,ENDAST_V161
$F8C994,0,1,0,0,1,0,BADA
$F8C9AA,0,1,0,0,1,0,BADA
$F8C9CC,0,1,0,0,1,0,BADA
$F8C9FE,0,1,0,0,1,0,BADA
$F8CA38,1,0,0,1,0,0,BADA
$F8CAB4,7,0,0,7,0,0,BADA
$F8CAFA,0,1,0,0,1,0,BADA
$F8CC9A,1,0,0,1,0,0,BADA
$F8CCF6,1,0,0,1,0,0,BADA
$F8CDDC,0,1,0,0,1,0,BADA
$F8CE4A,0,1,0,0,1,0,BADA
$F8CF9C,0,1,0,0,1,0,BADA
$F8CFFA,1,0,0,1,0,0,BADA
$F8D01A,1,0,0,1,0,0,BADA
$F8D0C4,2,0,0,2,0,0,BADA
$F8D0F0,2,0,0,2,0,0,BADA
$F8D142,1,0,0,0,0,0,ENDAST_V161
$F8D148,0,0,0,0,1,0,ENDAST_V350
$F8D19E,1,0,0,1,0,0,BADA
$F8D274,1,0,0,1,0,0,BADA
$F8D3C6,1,0,0,1,0,0,BADA
$F8D490,1,0,0,1,0,0,BADA
$F8D4E8,2,0,0,2,0,0,BADA
$F8D626,1,0,0,1,0,0,BADA
$F8D660,1,0,0,1,0,0,BADA
$F8D68A,2,0,0,2,0,0,BADA
$F8D750,1,0,0,1,0,0,BADA
$F8D78C,1,0,0,1,0,0,BADA
$F8D7B0,1,0,0,1,0,0,BADA
$F8D802,1,0,0,1,0,0,BADA
$F8D826,1,0,0,1,0,0,BADA
$F8D920,1,0,0,1,0,0,BADA
$F8D992,1,0,0,1,0,0,BADA
$F8D9DE,1,0,0,1,0,0,BADA
$F8DA58,1,0,0,1,0,0,BADA
$F8DA98,1,0,0,1,0,0,BADA
$F8DAFE,0,0,0,1,0,0,ENDAST_V350
$F8DB30,4,0,0,4,0,0,BADA
$F8DB4C,2,0,0,2,0,0,BADA
$F8DC2E,1,0,0,1,0,0,BADA
$F8DC66,3,0,0,4,0,0,BADA
$F8DC90,0,1,0,0,0,0,ENDAST_V161
$F8DCBE,0,0,0,1,0,0,ENDAST_V350
$F8DCD6,0,1,0,0,1,0,BADA
$F8DD70,0,0,0,1,0,0,ENDAST_V350
$F8DD94,0,1,0,0,1,0,BADA
$F8DDF4,0,1,0,0,0,0,ENDAST_V161
$F8DE16,0,0,0,0,1,0,ENDAST_V350
$F8DEB2,1,0,0,1,0,0,BADA
$F8DF1E,1,0,0,1,0,0,BADA
$F8DF3E,1,0,0,1,0,0,BADA
$F8E018,1,0,0,0,0,0,ENDAST_V161
$F8E054,0,1,0,0,0,0,ENDAST_V161
$F8E082,0,1,0,0,0,0,ENDAST_V161
$F8E0CA,0,1,0,0,1,0,BADA
$F8E256,0,1,0,0,1,0,BADA
$F8E338,0,1,0,0,1,0,BADA
$F8E384,0,1,0,0,1,0,BADA
$F8E3D2,0,1,0,0,1,0,BADA
$F8E46C,0,1,0,0,1,0,BADA
$F8E4BA,0,1,0,0,1,0,BADA
$F8E50E,0,1,0,0,1,0,BADA
$F8E570,1,0,0,1,0,0,BADA
$F8E57E,0,1,0,0,1,0,BADA
$F8E5DA,0,1,0,0,1,0,BADA
$F8E63A,0,1,0,0,1,0,BADA
$F8E68C,0,1,0,0,1,0,BADA
$F8E6BE,0,1,0,0,1,0,BADA
$F8E6D0,0,1,0,0,1,0,BADA
$F8E720,0,1,0,0,1,0,BADA
$F8E7A6,0,1,0,0,1,0,BADA
$F8E7DC,0,1,0,0,1,0,BADA
$F8E80C,0,1,0,0,1,0,BADA
$F8E862,0,1,0,0,1,0,BADA
$F8E87C,0,1,0,0,1,0,BADA
$F8E894,0,1,0,0,1,0,BADA
$F8E89A,0,1,0,0,1,0,BADA
$F8E89E,0,1,0,0,1,0,BADA
$F8E8A4,0,1,0,0,1,0,BADA
$F8E8A8,0,1,0,0,1,0,BADA
$F8E8AE,0,1,0,0,1,0,BADA
$F8E8B2,0,1,0,0,1,0,BADA
$F8E8C2,0,1,0,0,1,0,BADA
$F8E8D0,0,1,0,0,1,0,BADA
$F8E8DC,0,1,0,0,1,0,BADA
$F8E8E6,0,1,0,0,1,0,BADA
$F8E8F0,0,1,0,0,1,0,BADA
$F8E8FA,0,1,0,0,1,0,BADA
$F8E904,0,1,0,0,1,0,BADA
$F8E90E,0,1,0,0,1,0,BADA
$F8E918,0,1,0,0,1,0,BADA
$F8E922,0,1,0,0,1,0,BADA
$F8E93C,0,1,0,0,1,0,BADA
$F8E93E,0,1,0,0,1,0,BADA
$F8E948,0,1,0,0,1,0,BADA
$F8E94A,0,1,0,0,1,0,BADA
$F8E954,0,1,0,0,1,0,BADA
$F8E956,0,1,0,0,1,0,BADA
$F8E960,0,1,0,0,1,0,BADA
$F8E962,0,1,0,0,1,0,BADA
$F8E96A,0,1,0,0,1,0,BADA
$F8E992,0,1,0,0,1,0,BADA
$F8E9A0,0,1,0,0,1,0,BADA
$F8E9A6,0,1,0,0,1,0,BADA
$F8E9C0,0,1,0,0,1,0,BADA
$F8E9CA,0,1,0,0,1,0,BADA
$F8E9F4,0,1,0,0,1,0,BADA
$F8EA58,0,1,0,0,1,0,BADA
$F8EA96,1,1,0,1,1,0,BADA
$F8EAAE,0,1,0,0,1,0,BADA
$F8EAD8,0,1,0,0,1,0,BADA
$F8EAFA,0,1,0,0,1,0,BADA
$F8EB18,0,1,0,0,1,0,BADA
$F8EB2A,0,1,0,0,1,0,BADA
$F8EB50,0,1,0,0,1,0,BADA
$F8EB96,1,0,0,1,0,0,BADA
$F8EBBE,0,1,0,0,1,0,BADA
$F8EBC4,0,1,0,0,1,0,BADA
$F8EC24,0,1,0,0,1,0,BADA
$F8EC34,0,1,0,0,1,0,BADA
$F8EC40,0,1,0,0,1,0,BADA
$F8EC46,0,1,0,0,1,0,BADA
$F8EC52,0,1,0,0,1,0,BADA
$F8EC6A,0,1,0,0,1,0,BADA
$F8ECFA,0,1,0,0,1,0,BADA
$F8ED0E,0,1,0,0,1,0,BADA
$F8EDBA,0,1,0,0,1,0,BADA
$F8EDDC,0,1,0,0,1,0,BADA
$F8EE4C,0,1,0,0,1,0,BADA
$F8EEBC,0,1,0,0,1,0,BADA
$F8EF2A,0,1,0,0,1,0,BADA
$F8EFB6,0,1,0,0,1,0,BADA
$F8EFC6,0,1,0,0,1,0,BADA
$F8EFF6,0,1,0,0,1,0,BADA
$F8F008,0,1,0,0,1,0,BADA
$F8F024,0,1,0,0,1,0,BADA
$F8F040,0,1,0,0,1,0,BADA
$F8F054,0,1,0,0,1,0,BADA
$F8F06C,0,1,0,0,1,0,BADA
$F8F09E,0,1,0,0,1,0,BADA
$F8F142,0,1,0,0,1,0,BADA
$F8F158,0,1,0,0,1,0,BADA
$F8F16E,0,1,0,0,1,0,BADA
$F8F18E,0,1,0,0,1,0,BADA
$F8F1B6,0,1,0,0,1,0,BADA
$F8F1D6,1,0,0,1,0,0,BADA
$F8F1E0,2,0,0,2,0,0,BADA
$F8F212,1,0,0,1,0,0,BADA
$F8F258,0,1,0,0,1,0,BADA
$F8F284,0,1,0,0,1,0,BADA
$F8F2D2,0,1,0,0,1,0,BADA
$F8F2DA,0,1,0,0,1,0,BADA
$F8F2F8,0,0,0,0,1,0,ENDAST_V350
$F8F388,0,1,0,0,1,0,BADA
$F8F38C,0,1,0,0,1,0,BADA
$F8F3D6,0,1,0,0,1,0,BADA
$F8F460,0,1,0,0,1,0,BADA
$F8F476,0,1,0,1,0,0,BADA
$F8F4D8,0,1,0,0,1,0,BADA
$F8F50A,0,1,0,0,1,0,BADA
$F8F6B4,0,1,0,0,1,0,BADA
$F8F780,0,1,0,0,1,0,BADA
$F8F862,0,1,0,0,1,0,BADA
$F8F89C,0,1,0,0,1,0,BADA
$F8F8BA,0,1,0,0,1,0,BADA
$F8F8E0,0,1,0,0,1,0,BADA
$F8F974,0,1,0,0,1,0,BADA
$F8F9B6,0,1,0,0,1,0,BADA
$F8F9D4,0,1,0,0,1,0,BADA
$F8F9F6,0,1,0,0,1,0,BADA
$F8FA0C,0,1,0,0,1,0,BADA
$F8FA24,0,1,0,0,1,0,BADA
$F8FA58,0,1,0,0,1,0,BADA
$F8FA60,0,1,0,0,1,0,BADA
$F8FA68,0,1,0,0,1,0,BADA
$F8FAC6,0,1,0,0,1,0,BADA
$F8FAD2,0,1,0,0,1,0,BADA
$F8FB0A,0,1,0,0,1,0,BADA
$F8FB1A,0,1,0,0,1,0,BADA
$F8FB36,0,1,0,0,1,0,BADA
$F8FBFC,0,1,0,0,1,0,BADA
$F8FC98,0,1,0,0,1,0,BADA
$F8FCC4,0,1,0,0,1,0,BADA
$F8FCC6,0,1,0,0,1,0,BADA
$F8FCCE,0,1,0,0,1,0,BADA
$F8FCE8,0,1,0,0,1,0,BADA
$F8FD0A,0,1,0,0,1,0,BADA
$F8FD3E,0,1,0,0,1,0,BADA
$F8FD46,0,1,0,0,1,0,BADA
$F8FD6C,0,1,0,0,1,0,BADA
$F8FD96,0,1,0,0,1,0,BADA
$F8FDC4,0,1,0,0,1,0,BADA
$F8FDCC,0,0,0,1,0,0,ENDAST_V350
$F8FE02,0,1,0,0,1,0,BADA
$F8FE24,0,1,0,0,1,0,BADA
$F8FE2E,0,1,0,0,0,0,ENDAST_V161
$F8FE54,0,1,0,0,1,0,BADA
$F8FE5C,0,1,0,0,1,0,BADA
$F8FE7E,0,1,0,0,1,0,BADA
$F8FE82,0,1,0,0,1,0,BADA
$F8FEA4,0,1,0,0,1,0,BADA
$F8FEA8,0,1,0,0,1,0,BADA
$F8FEDE,0,1,0,0,1,0,BADA
$F8FEEE,0,1,0,0,1,0,BADA
$F8FF08,0,1,0,0,1,0,BADA
$F8FF2A,0,1,0,0,1,0,BADA
$F8FF2C,0,1,0,0,1,0,BADA
$F8FF70,0,1,0,0,1,0,BADA
$F8FF74,0,1,0,0,1,0,BADA
$F8FFAE,0,1,0,0,1,0,BADA
$F8FFC0,0,1,0,0,1,0,BADA
$F8FFC8,0,1,0,0,1,0,BADA
$F90016,0,1,0,0,1,0,BADA
$F90020,0,1,0,0,1,0,BADA
$F90028,0,1,0,0,1,0,BADA
$F900B0,0,1,0,0,1,0,BADA
$F900E8,0,1,0,0,1,0,BADA
$F90108,0,1,0,0,1,0,BADA
$F90144,0,1,0,0,1,0,BADA
$F9018E,0,1,0,0,1,0,BADA
$F901C8,0,1,0,0,1,0,BADA
$F901D8,0,1,0,0,1,0,BADA
$F90226,0,1,0,0,0,0,ENDAST_V161
$F90282,0,0,0,0,1,0,ENDAST_V350
$F902A6,0,1,0,0,1,0,BADA
$F902CC,0,1,0,0,1,0,BADA
$F90318,0,1,0,0,1,0,BADA
$F90352,0,1,0,0,1,0,BADA
$F903D0,0,1,0,0,1,0,BADA
$F90404,0,1,0,0,1,0,BADA
$F9042A,0,1,0,0,1,0,BADA
$F9047C,0,1,0,0,1,0,BADA
$F904E2,0,1,0,0,1,0,BADA
$F9051C,0,1,0,0,1,0,BADA
$F90566,0,1,0,0,1,0,BADA
$F9056E,0,1,0,0,1,0,BADA
$F9062C,0,1,0,1,0,0,BADA
$F90688,0,1,0,0,0,0,ENDAST_V161
$F906A0,0,1,0,0,1,0,BADA
$F906A6,0,1,0,0,1,0,BADA
$F906A8,0,1,0,0,1,0,BADA
$F906D4,0,1,0,0,1,0,BADA
$F90854,0,1,0,0,1,0,BADA
$F90868,0,1,0,0,1,0,BADA
$F90890,0,1,0,0,1,0,BADA
$F908A0,0,1,0,0,0,0,ENDAST_V161
$F908F4,0,1,0,0,0,0,ENDAST_V161
$F90910,0,1,0,0,1,0,BADA
$F90976,0,1,0,0,0,0,ENDAST_V161
$F9097A,0,0,0,0,1,0,ENDAST_V350
$F90982,0,0,0,1,0,0,ENDAST_V350
$F909B6,0,1,0,0,0,0,ENDAST_V161
$F909EC,0,1,0,0,0,0,ENDAST_V161
$F90A7C,0,0,0,3,0,0,ENDAST_V350
$F90A88,0,1,0,0,1,0,BADA
$F90AA2,0,1,0,0,1,0,BADA
$F90B7E,0,1,0,0,1,0,BADA
$F90BA0,0,1,0,0,1,0,BADA
$F90BBE,0,1,0,0,1,0,BADA
$F90BF0,0,1,0,0,1,0,BADA
$F90BF6,0,1,0,0,1,0,BADA
$F90C14,0,1,0,0,0,0,ENDAST_V161
$F90D5C,0,1,0,0,0,0,ENDAST_V161
$F90DEC,0,1,0,0,0,0,ENDAST_V161
$F90F0A,0,1,0,0,0,0,ENDAST_V161
$F91068,0,1,0,0,0,0,ENDAST_V161
$F910B6,0,1,0,0,1,0,BADA
$F910DE,0,1,0,0,0,0,ENDAST_V161
$F91104,0,0,0,0,1,0,ENDAST_V350
$F9114A,0,1,0,0,0,0,ENDAST_V161
$F9116C,0,1,0,0,1,0,BADA
$F911B6,0,1,0,0,0,0,ENDAST_V161
$F912B0,0,1,0,2,0,0,BADA
$F9131A,0,1,0,0,1,0,BADA
$F91390,0,1,0,0,1,0,BADA
$F91394,0,1,0,0,1,0,BADA
$F913CA,0,1,0,0,1,0,BADA
$F913DE,0,1,0,0,1,0,BADA
$F91418,0,1,0,0,1,0,BADA
$F91432,0,1,0,0,1,0,BADA
$F914B6,0,1,0,0,1,0,BADA
$F914BC,0,1,0,0,0,0,ENDAST_V161
$F914C0,0,0,0,0,1,0,ENDAST_V350
$F915AC,0,1,0,0,1,0,BADA
$F9161C,0,1,0,0,0,0,ENDAST_V161
$F9165C,0,1,0,0,1,0,BADA
$F91670,0,1,0,0,1,0,BADA
$F916C6,0,1,0,0,1,0,BADA
$F916D0,0,1,0,0,1,0,BADA
$F916EE,0,0,0,1,0,0,ENDAST_V350
$F916F6,0,1,0,0,1,0,BADA
$F91702,0,0,0,3,0,0,ENDAST_V350
$F91706,0,0,0,2,0,0,ENDAST_V350
$F9174A,0,1,0,0,1,0,BADA
$F91760,0,1,0,0,1,0,BADA
$F9177A,0,1,0,0,1,0,BADA
$F917B8,0,1,0,0,0,0,ENDAST_V161
$F917C4,0,1,0,0,1,0,BADA
$F917D0,0,1,0,0,0,0,ENDAST_V161
$F917EE,0,0,0,0,1,0,ENDAST_V350
$F917F6,0,1,0,0,1,0,BADA
$F91802,0,1,0,0,0,0,ENDAST_V161
$F91892,0,1,0,0,0,0,ENDAST_V161
$F9189C,0,1,0,0,1,0,BADA
$F918A8,0,0,0,0,1,0,ENDAST_V350
$F918B4,0,1,0,0,1,0,BADA
$F9190E,0,1,0,0,1,0,BADA
$F9191A,0,1,0,0,1,0,BADA
$F91954,0,1,0,0,1,0,BADA
$F919D2,0,1,0,0,1,0,BADA
$F91AA6,0,1,0,0,1,0,BADA
$F91AC8,0,1,0,0,1,0,BADA
$F91ADE,0,1,0,0,1,0,BADA
$F91AF8,0,1,0,0,1,0,BADA
$F91B06,0,1,0,0,1,0,BADA
$F91B0C,0,0,0,0,1,0,ENDAST_V350
$F91B10,0,1,0,0,1,0,BADA
$F91B8A,0,1,0,0,1,0,BADA
$F91BE0,0,1,0,0,1,0,BADA
$F91C18,0,1,0,0,1,0,BADA
$F91C2A,0,1,0,0,1,0,BADA
$F91C78,0,1,0,0,0,0,ENDAST_V161
$F91C8C,0,0,0,0,1,0,ENDAST_V350
$F91CA8,0,1,0,0,1,0,BADA
$F91CC6,0,1,0,0,1,0,BADA
$F91D46,0,1,0,0,1,0,BADA
$F91D9C,0,1,0,0,1,0,BADA
$F91DAC,0,1,0,0,1,0,BADA
$F91E34,0,1,0,0,1,0,BADA
$F91EAA,0,1,0,1,1,0,BADA
$F91EE8,0,0,0,0,1,0,ENDAST_V350
$F91EFE,0,1,0,0,1,0,BADA
$F91F38,0,1,0,0,1,0,BADA
$F91FB6,0,1,0,0,1,0,BADA
$F91FD4,0,1,0,0,1,0,BADA
$F91FF2,0,1,0,0,1,0,BADA
$F9200A,0,1,0,0,1,0,BADA
$F92038,0,1,0,0,1,0,BADA
$F9207A,0,1,0,0,1,0,BADA
$F920B2,0,1,0,0,1,0,BADA
$F920D6,0,1,0,0,1,0,BADA
$F920E8,0,1,0,0,1,0,BADA
$F920F6,0,1,0,0,1,0,BADA
$F92106,0,1,0,0,1,0,BADA
$F92122,0,1,0,0,1,0,BADA
$F9215E,0,1,0,0,1,0,BADA
$F92180,0,1,0,0,1,0,BADA
$F92186,0,1,0,0,1,0,BADA
$F92192,0,1,0,0,1,0,BADA
$F921B8,0,1,0,0,1,0,BADA
$F921D4,0,1,0,0,1,0,BADA
$F921D8,0,1,0,0,1,0,BADA
$F9220A,0,1,0,0,1,0,BADA
$F9223A,0,1,0,1,0,0,BADA
$F9224A,0,1,0,0,1,0,BADA
$F92262,0,1,0,0,1,0,BADA
$F92342,0,1,0,0,1,0,BADA
$F9237C,0,1,0,0,1,0,BADA
$F923D4,0,1,0,0,1,0,BADA
$F923D8,0,1,0,0,1,0,BADA
$F92458,0,1,0,0,1,0,BADA
$F9246E,0,1,0,0,1,0,BADA
$F92478,0,1,0,0,1,0,BADA
$F9248A,0,1,0,0,1,0,BADA
$F9248E,0,1,0,0,1,0,BADA
$F9249A,0,1,0,0,1,0,BADA
$F924AC,0,1,0,0,1,0,BADA
$F924BC,0,1,0,0,1,0,BADA
$F924C6,0,1,0,0,1,0,BADA
$F924D8,0,1,0,0,1,0,BADA
$F924EC,0,1,0,0,1,0,BADA
$F924F2,0,1,0,0,1,0,BADA
$F9250E,0,1,0,1,0,0,BADA
$F9257A,1,0,0,1,0,0,BADA
$F92596,0,1,0,0,1,0,BADA
$F925C4,0,1,0,0,1,0,BADA
$F925F0,0,1,0,0,1,0,BADA
$F925FC,0,1,0,0,1,0,BADA
$F9260E,0,1,0,0,1,0,BADA
$F92616,0,1,0,0,1,0,BADA
$F9261C,0,1,0,0,1,0,BADA
$F9264E,0,1,0,0,1,0,BADA
$F92652,0,1,0,0,1,0,BADA
$F926CE,0,1,0,0,1,0,BADA
$F926E6,0,1,0,0,1,0,BADA
$F926F8,0,1,0,0,1,0,BADA
$F926FC,0,1,0,0,1,0,BADA
$F9270C,0,1,0,0,1,0,BADA
$F92718,0,1,0,0,1,0,BADA
$F92724,0,1,0,0,1,0,BADA
$F9275A,0,1,0,0,1,0,BADA
$F92760,0,1,0,0,1,0,BADA
$F927F6,0,1,0,1,0,0,BADA
$F9298C,0,1,0,0,1,0,BADA
$F929D2,0,1,0,0,1,0,BADA
$F92A04,0,1,0,0,1,0,BADA
$F92A42,0,1,0,0,1,0,BADA
$F92A4A,0,1,0,0,1,0,BADA
$F92AD6,0,1,0,0,1,0,BADA
$F92B0A,0,1,0,0,1,0,BADA
$F92B6C,1,0,0,1,0,0,BADA
$F92CB2,0,1,0,0,1,0,BADA
$F92CE2,0,1,0,0,1,0,BADA
$F92D22,0,1,0,0,1,0,BADA
$F92D48,0,1,0,0,1,0,BADA
$F92D66,0,1,0,0,1,0,BADA
$F92DCC,0,0,0,0,1,0,ENDAST_V350
$F92DD6,0,1,0,0,1,0,BADA
$F92DE0,0,1,0,1,0,0,BADA
$F92E2A,0,1,0,0,1,0,BADA
$F92E8A,0,1,0,0,0,0,ENDAST_V161
$F92E94,0,1,0,0,1,0,BADA
$F92EA8,0,1,0,0,1,0,BADA
$F92EB0,0,1,0,0,1,0,BADA
$F92EB4,0,1,0,0,1,0,BADA
$F92ED2,0,1,0,0,1,0,BADA
$F92F08,0,1,0,0,1,0,BADA
$F92F34,0,1,0,0,1,0,BADA
$F92F82,0,1,0,0,1,0,BADA
$F92FB0,0,1,0,0,1,0,BADA
$F93120,1,0,0,1,0,0,BADA
$F93148,0,1,0,0,1,0,BADA
$F9316E,0,1,0,0,1,0,BADA
$F93180,0,1,0,0,1,0,BADA
$F93194,0,1,0,0,1,0,BADA
$F931B2,0,1,0,0,1,0,BADA
$F931DE,0,1,0,0,1,0,BADA
$F93298,0,1,0,0,1,0,BADA
$F932B8,0,1,0,0,1,0,BADA
$F932D6,0,1,0,0,1,0,BADA
$F932FA,0,1,0,0,1,0,BADA
$F9331A,0,1,0,0,1,0,BADA
$F93346,0,1,0,0,1,0,BADA
$F93348,0,1,0,0,1,0,BADA
$F9334C,0,1,0,0,1,0,BADA
$F9337E,0,1,0,0,1,0,BADA
$F93392,0,1,0,0,1,0,BADA
$F93398,0,1,0,0,1,0,BADA
$F9348E,0,1,0,0,1,0,BADA
$F93496,0,1,0,0,1,0,BADA
$F934AA,0,1,0,0,1,0,BADA
$F934D4,0,1,0,0,1,0,BADA
$F9350E,0,1,0,0,1,0,BADA
$F935C4,0,1,0,0,1,0,BADA
$F935D4,0,1,0,0,1,0,BADA
$F935FC,0,1,0,0,1,0,BADA
$F93608,0,1,0,0,1,0,BADA
$F93624,0,1,0,0,1,0,BADA
$F9366E,0,1,0,0,1,0,BADA
$F9368C,0,1,0,0,1,0,BADA
$F93698,0,1,0,0,1,0,BADA
$F936A2,0,1,0,0,1,0,BADA
$F936B0,0,1,0,0,1,0,BADA
$F936CA,0,1,0,0,1,0,BADA
$F936DE,0,1,0,0,1,0,BADA
$F9375C,0,1,0,0,1,0,BADA
$F93770,0,1,0,0,1,0,BADA
$F9378C,0,1,0,0,1,0,BADA
$F93798,0,1,0,0,1,0,BADA
$F937D6,0,0,0,1,0,0,ENDAST_V350
$F9381C,0,1,0,0,1,0,BADA
$F938E0,0,1,0,0,1,0,BADA
$F938E4,0,1,0,0,1,0,BADA
$F938EE,0,1,0,0,1,0,BADA
$F938F8,0,1,0,0,1,0,BADA
$F93908,0,1,0,0,1,0,BADA
$F93924,0,1,0,0,1,0,BADA
$F9393A,0,1,0,0,1,0,BADA
$F93954,0,1,0,0,1,0,BADA
$F93958,0,1,0,0,1,0,BADA
$F93964,0,1,0,0,1,0,BADA
$F93968,0,1,0,0,1,0,BADA
$F93974,0,1,0,0,1,0,BADA
$F93978,0,1,0,0,1,0,BADA
$F93984,0,1,0,0,1,0,BADA
$F9398E,0,1,0,0,1,0,BADA
$F9399A,0,1,0,0,1,0,BADA
$F93A24,0,1,0,0,1,0,BADA
$F93A2E,0,1,0,0,1,0,BADA
$F93A38,0,1,0,0,1,0,BADA
$F93A3E,0,1,0,0,1,0,BADA
$F93A48,0,1,0,0,1,0,BADA
$F93ABC,0,1,0,0,1,0,BADA
$F93AC8,0,1,0,0,1,0,BADA
$F93AEC,0,1,0,0,1,0,BADA
$F93B38,0,1,0,0,1,0,BADA
$F93B44,0,1,0,0,1,0,BADA
$F93B70,0,1,0,0,1,0,BADA
$F93C04,0,1,0,0,1,0,BADA
$F93C46,0,1,0,0,1,0,BADA
$F93C6C,0,1,0,0,1,0,BADA
$F93C7C,0,1,0,0,1,0,BADA
$F93C90,0,1,0,0,1,0,BADA
$F93CA8,0,1,0,0,1,0,BADA
$F93CB6,0,1,0,0,1,0,BADA
$F93CF2,0,1,0,0,1,0,BADA
$F93D0A,0,1,0,0,1,0,BADA
$F93D2C,0,1,0,0,1,0,BADA
$F93DD6,0,1,0,0,1,0,BADA
$F93DDC,0,1,0,0,1,0,BADA
$F93E1A,0,1,0,0,1,0,BADA
$F93EC4,0,1,0,0,1,0,BADA
$F93ED0,0,1,0,0,1,0,BADA
$F93EFA,0,1,0,0,1,0,BADA
$F93F20,0,1,0,0,1,0,BADA
$F93F4C,0,1,0,0,1,0,BADA
$F93F82,0,1,0,0,1,0,BADA
$F93FAE,0,1,0,0,1,0,BADA
$F93FC0,0,1,0,0,1,0,BADA
$F93FF4,0,1,0,0,1,0,BADA
$F94000,0,1,0,0,1,0,BADA
$F9402E,0,1,0,0,1,0,BADA
$F94064,0,1,0,0,1,0,BADA
$F94084,0,1,0,0,1,0,BADA
$F940A6,0,1,0,0,1,0,BADA
$F940C4,0,1,0,0,1,0,BADA
$F940DE,0,1,0,0,1,0,BADA
$F940EC,0,1,0,0,1,0,BADA
$F9411E,0,1,0,0,1,0,BADA
$F9418C,0,1,0,0,1,0,BADA
$F941AE,0,1,0,0,1,0,BADA
$F941CA,0,1,0,0,1,0,BADA
$F941DA,0,1,0,0,0,0,ENDAST_V161
$F941F4,0,1,0,0,0,0,ENDAST_V161
$F942D2,0,1,0,0,0,0,ENDAST_V161
$F942E4,0,1,0,0,0,0,ENDAST_V161
$F942F0,0,1,0,0,1,0,BADA
$F9430C,0,1,0,0,1,0,BADA
$F94482,0,1,0,0,1,0,BADA
$F9448E,0,1,0,0,1,0,BADA
$F944A8,0,1,0,0,1,0,BADA
$F94520,0,1,0,0,1,0,BADA
$F9453A,0,1,0,0,1,0,BADA
$F94546,0,1,0,0,1,0,BADA
$F94552,0,1,0,0,1,0,BADA
$F9456C,0,1,0,0,1,0,BADA
$F945AA,0,1,0,0,1,0,BADA
$F945C2,0,1,0,0,1,0,BADA
$F945CE,0,1,0,0,1,0,BADA
$F945DA,0,1,0,0,1,0,BADA
$F945F6,0,1,0,0,1,0,BADA
$F9469A,0,1,0,0,1,0,BADA
$F946A2,0,1,0,0,1,0,BADA
$F94702,0,1,0,0,1,0,BADA
$F9474E,0,1,0,0,1,0,BADA
$F9475A,0,1,0,0,1,0,BADA
$F94766,0,1,0,0,1,0,BADA
$F9477A,0,1,0,0,1,0,BADA
$F9478C,0,1,0,0,1,0,BADA
$F94792,0,1,0,0,1,0,BADA
$F947E8,0,1,0,0,1,0,BADA
$F9480A,0,1,0,0,1,0,BADA
$F94856,0,1,0,0,1,0,BADA
$F94872,0,1,0,0,1,0,BADA
$F94896,0,1,0,0,1,0,BADA
$F948D4,0,1,0,0,1,0,BADA
$F949AC,0,1,0,0,1,0,BADA
$F94AD0,0,1,0,0,1,0,BADA
$F94B60,0,1,0,0,1,0,BADA
$F94C8E,0,1,0,0,1,0,BADA
$F94C94,0,1,0,0,1,0,BADA
$F94CC4,0,2,0,0,2,0,BADA
$F94CFE,0,1,0,0,1,0,BADA
$F94D08,0,1,0,0,1,0,BADA
$F94D28,0,1,0,0,1,0,BADA
$F94D54,0,1,0,0,1,0,BADA
$F94D5C,0,1,0,0,1,0,BADA
$F94DA0,0,1,0,0,1,0,BADA
$F94DB0,0,2,0,0,2,0,BADA
$F94DD2,0,1,0,0,1,0,BADA
$F94E28,0,1,0,0,1,0,BADA
$F94E4E,0,1,0,0,1,0,BADA
$F94E66,0,1,0,0,1,0,BADA
$F94E7C,0,1,0,0,1,0,BADA
$F94F26,0,1,0,0,1,0,BADA
$F94F3A,0,1,0,0,1,0,BADA
$F94F9A,0,1,0,1,0,0,BADA
$F95058,0,1,0,1,0,0,BADA
$F95076,0,1,0,0,1,0,BADA
$F950A0,0,1,0,0,1,0,BADA
$F950D2,0,1,0,1,0,0,BADA
$F95186,0,1,0,1,0,0,BADA
$F951EA,0,1,0,0,1,0,BADA
$F951F4,0,1,0,0,1,0,BADA
$F951FE,0,1,0,1,0,0,BADA
$F95238,0,1,0,0,1,0,BADA
$F95250,0,1,0,0,1,0,BADA
$F95288,0,1,0,1,0,0,BADA
$F95318,0,1,0,0,1,0,BADA
$F9532C,0,1,0,0,1,0,BADA
$F95382,0,1,0,0,1,0,BADA
$F95414,0,1,0,0,1,0,BADA
$F95432,0,1,0,0,1,0,BADA
$F95466,0,1,0,0,1,0,BADA
$F9547C,0,1,0,0,0,0,ENDAST_V161
$F954BE,0,0,0,0,1,0,ENDAST_V350
$F954D4,0,0,0,0,1,0,ENDAST_V350
$F954E0,0,1,0,0,1,0,BADA
$F954F2,0,1,0,0,0,0,ENDAST_V161
$F955BA,0,0,0,1,0,0,ENDAST_V350
$F955DA,0,0,0,0,1,0,ENDAST_V350
$F955E4,0,1,0,0,1,0,BADA
$F955F0,0,1,0,0,1,0,BADA
$F956F6,0,1,0,0,1,0,BADA
$F95730,0,1,0,0,1,0,BADA
$F9579C,0,1,0,0,1,0,BADA
$F957C0,0,1,0,0,1,0,BADA
$F957D0,0,1,0,0,1,0,BADA
$F957DE,0,1,0,0,1,0,BADA
$F95800,0,1,0,0,1,0,BADA
$F95810,0,1,0,0,1,0,BADA
$F9584A,0,1,0,0,1,0,BADA
$F95992,0,1,0,0,1,0,BADA
$F959CC,0,1,0,0,1,0,BADA
$F959E0,0,1,0,0,1,0,BADA
$F95A0A,0,1,0,0,0,0,ENDAST_V161
$F95A2A,0,1,0,0,1,0,BADA
$F95A8A,0,1,0,0,0,0,ENDAST_V161
$F95A9E,0,1,0,0,1,0,BADA
$F95AD0,0,1,0,0,1,0,BADA
$F95AF0,0,1,0,0,1,0,BADA
$F95B02,0,1,0,0,0,0,ENDAST_V161
$F95B3C,0,1,0,0,1,0,BADA
$F95B48,0,1,0,0,1,0,BADA
$F95B80,0,0,0,1,0,0,ENDAST_V350
$F95B8C,0,1,0,0,1,0,BADA
$F95BD6,0,1,0,0,1,0,BADA
$F95BFA,0,1,0,0,0,0,ENDAST_V161
$F95C12,0,0,0,0,1,0,ENDAST_V350
$F95C1E,0,0,0,0,1,0,ENDAST_V350
$F95C24,0,1,0,0,1,0,BADA
$F95C3E,0,1,0,0,1,0,BADA
$F95C52,0,1,0,0,1,0,BADA
$F95C90,0,1,0,0,1,0,BADA
$F95CAC,0,1,0,0,1,0,BADA
$F95D82,0,1,0,0,1,0,BADA
$F95E24,0,1,0,0,1,0,BADA
$F95E6E,0,1,0,0,1,0,BADA
$F95EAA,1,0,0,33,0,0,BADA
$F95EB2,0,1,0,0,1,0,BADA
$F95F1C,0,1,0,0,0,0,ENDAST_V161
$F95F1E,0,1,0,0,0,0,ENDAST_V161
$F95F40,0,0,0,0,1,0,ENDAST_V350
$F95F92,0,1,0,0,0,0,ENDAST_V161
$F95FDC,0,1,0,0,1,0,BADA
$F95FFA,0,1,0,0,1,0,BADA
$F96022,0,1,0,0,1,0,BADA
$F9604C,0,1,0,0,0,0,ENDAST_V161
$F960A2,0,0,0,0,1,0,ENDAST_V350
$F960E0,0,1,0,0,1,0,BADA
$F9615A,0,1,0,0,1,0,BADA
$F9621E,0,0,0,2,0,0,ENDAST_V350
$F96220,0,0,0,6,0,0,ENDAST_V350
$F9622C,0,0,0,4,0,0,ENDAST_V350
$F9622E,0,0,0,1,0,0,ENDAST_V350
$F96232,0,1,0,0,1,0,BADA
$F96256,0,1,0,0,1,0,BADA
$F962DE,0,1,0,0,1,0,BADA
$F96328,0,1,0,0,1,0,BADA
$F9638A,0,1,0,0,0,0,ENDAST_V161
$F963B0,0,0,0,0,1,0,ENDAST_V350
$F96400,0,0,0,0,1,0,ENDAST_V350
$F9640C,0,1,0,0,1,0,BADA
$F96414,0,1,0,0,0,0,ENDAST_V161
$F9646A,0,1,0,0,1,0,BADA
$F964AC,0,1,0,1,0,0,BADA
$F964FA,0,1,0,0,1,0,BADA
$F9651A,0,1,0,0,1,0,BADA
$F9653E,0,1,0,0,1,0,BADA
$F96556,0,1,0,0,1,0,BADA
$F9658A,0,1,0,0,1,0,BADA
$F965A2,0,1,0,0,1,0,BADA
$F965D8,0,1,0,1,0,0,BADA
$F96638,0,1,0,0,1,0,BADA
$F9666C,0,1,0,0,1,0,BADA
$F966E8,0,1,0,0,1,0,BADA
$F96728,0,1,0,0,1,0,BADA
$F9675C,0,1,0,0,1,0,BADA
$F9677A,0,1,0,0,1,0,BADA
$F9678C,0,1,0,0,1,0,BADA
$F96796,0,1,0,1,0,0,BADA
$F9683E,0,1,0,0,0,0,ENDAST_V161
$F968F6,0,0,0,0,1,0,ENDAST_V350
$F968FC,0,0,0,0,1,0,ENDAST_V350
$F9690E,0,1,0,0,1,0,BADA
$F96934,0,1,0,0,1,0,BADA
$F96958,0,1,0,0,0,0,ENDAST_V161
$F96980,0,0,0,0,1,0,ENDAST_V350
$F9699A,0,1,0,0,0,0,ENDAST_V161
$F96A24,0,1,0,0,1,0,BADA
$F96B46,0,0,0,3,0,0,ENDAST_V350
$F96B52,0,1,0,0,1,0,BADA
$F96B66,0,1,0,0,0,0,ENDAST_V161
$F96C2A,0,1,0,0,1,0,BADA
$F96C30,0,0,0,1,0,0,ENDAST_V350
$F96C4C,0,1,0,0,1,0,BADA
$F96C9C,0,1,0,0,1,0,BADA
$F96CAE,0,1,0,0,0,0,ENDAST_V161
$F96CE2,0,1,0,0,1,0,BADA
$F96CF0,0,1,0,0,1,0,BADA
$F96CF8,0,1,0,0,1,0,BADA
$F96D06,0,1,0,1,0,0,BADA
$F96E36,0,1,0,0,1,0,BADA
$F96EF2,0,1,0,0,1,0,BADA
$F96FDE,0,1,0,0,1,0,BADA
$F97052,0,1,0,0,0,0,ENDAST_V161
$F97164,0,1,0,0,0,0,ENDAST_V161
$F9728C,0,1,0,0,1,0,BADA
$F972AA,0,1,0,0,1,0,BADA
$F973F0,2,0,0,3,0,0,BADA
$F9760C,1,0,0,1,0,0,BADA
$F97662,5,2,0,5,2,0,BADA
$F976CA,3,3,0,3,3,0,BADA
$F976EC,1,0,0,1,0,0,BADA
$F97718,2,1,0,2,1,0,BADA
$F9772A,2,1,0,2,1,0,BADA
$F977B0,1,0,0,2,0,0,BADA
$F977C6,1,0,0,2,0,0,BADA
$F977DC,1,1,0,1,1,0,BADA
$F9783A,1,0,0,1,0,0,BADA
$F97854,1,0,0,1,0,0,BADA
$F97BD2,1,0,0,1,0,0,BADA
$F97C2E,0,1,0,0,1,0,BADA
$F97CA4,0,1,0,0,1,0,BADA
$F97CAC,0,1,0,0,1,0,BADA
$F97D64,0,2,0,0,2,0,BADA
$F97E38,0,1,0,0,1,0,BADA
$F97E9A,1,0,0,1,0,0,BADA
$F97F10,2,0,0,2,0,0,BADA
$F97F2E,0,1,0,0,1,0,BADA
$F97F98,0,1,0,0,1,0,BADA
$F9807A,0,1,0,0,1,0,BADA
$F980BC,0,1,0,0,1,0,BADA
$F98120,0,1,0,0,1,0,BADA
$F98148,0,1,0,0,1,0,BADA
$F98194,0,1,0,0,1,0,BADA
$FB7788,0,1,0,0,1,0,BADA
$FB7BC8,1,0,0,0,0,0,ENDAST_V161
$FB7BEE,0,0,0,0,1,0,ENDAST_V350
$FB7BFA,3,0,0,2,0,0,BADA
$FB7C3C,0,0,0,3,0,0,ENDAST_V350
$FB7C5A,1,0,0,1,0,0,BADA
$FB7C7A,1,0,0,1,0,0,BADA
$FB7CF6,1,0,0,1,0,0,BADA
$FB7D70,1,0,0,1,0,0,BADA
$FB7D86,1,0,0,1,0,0,BADA
$FB7E04,0,0,0,1,0,0,ENDAST_V350
$FB7E8E,1,2,0,1,1,0,BADA
$FB7EF8,0,1,0,0,1,0,BADA
$FB7F04,0,2,0,0,1,0,BADA
$FB7F0A,1,0,0,1,0,0,BADA
$FB7F30,3,0,0,5,0,0,BADA
$FB7F4A,2,0,0,2,0,0,BADA
$FB7F6C,0,0,0,1,0,0,ENDAST_V350
$FB7F88,2,0,0,2,0,0,BADA
$FB7F9E,4,0,0,5,0,0,BADA
$FB8024,1,0,0,1,0,0,BADA
$FB8034,1,0,0,1,0,0,BADA
$FB8058,1,0,0,1,0,0,BADA
$FB807C,1,0,0,1,0,0,BADA
$FB8094,2,0,0,2,0,0,BADA
$FB813C,9,0,0,0,0,0,ENDAST_V161
$FB816A,1,0,0,3,0,0,BADA
$FB8174,1,0,0,1,0,0,BADA
$FB81CE,3,0,0,3,0,0,BADA
$FB81D4,2,0,0,2,0,0,BADA
$FB81DA,4,0,0,4,0,0,BADA
$FB84DA,8,0,0,11,0,0,BADA
$FB8550,0,0,0,1,0,0,ENDAST_V350
$FB86C6,0,0,0,1,0,0,ENDAST_V350
$FB8738,1,0,0,0,0,0,ENDAST_V161
$FB8CFC,2,0,0,2,0,0,BADA
$FB8D78,2,0,0,4,0,0,BADA
$FB950A,1,0,0,1,0,0,BADA
$FB981E,2,0,0,1,0,0,BADA
$FB9B46,0,0,0,1,0,0,ENDAST_V350
$FB9C20,3,0,0,2,0,0,BADA
$FB9C4A,0,2,0,0,2,0,BADA
$FB9C5E,1,0,0,1,0,0,BADA
$FB9D82,0,1,0,0,0,0,ENDAST_V161
$FB9D8E,0,1,0,0,0,0,ENDAST_V161
$FB9DB0,0,2,0,0,0,0,ENDAST_V161
$FB9EB8,0,2,0,0,0,0,ENDAST_V161
$FB9EBE,0,0,0,1,0,0,ENDAST_V350
$FB9F30,1,0,0,0,0,0,ENDAST_V161
$FB9F82,0,1,0,0,0,0,ENDAST_V161
$FB9FE2,0,0,0,1,0,0,ENDAST_V350
$FBA0D6,6,0,0,9,0,0,BADA
$FBA136,4,0,0,6,0,0,BADA
$FBA1D8,1,0,0,0,0,0,ENDAST_V161
$FBA270,3,0,0,2,0,0,BADA
$FBA2BA,3,0,0,4,0,0,BADA
$FBA350,2,0,0,0,0,0,ENDAST_V161
$FBA432,1,0,0,0,0,0,ENDAST_V161
$FBA4DA,0,0,0,2,0,0,ENDAST_V350
$FBA4FE,2,0,0,9,0,0,BADA
$FBA51E,0,0,0,4,0,0,ENDAST_V350
$FBA5A2,6,0,0,5,0,0,BADA
$FBA5D0,3,0,0,2,0,0,BADA
$FBA5F2,6,0,0,4,0,0,BADA
$FBA626,4,0,0,3,0,0,BADA
$FBA636,2,0,0,2,0,0,BADA
$FBA68C,1,0,0,1,0,0,BADA
$FBACDC,0,0,0,1,0,0,ENDAST_V350
$FBADFA,0,0,0,2,0,0,ENDAST_V350
$FBB0B2,0,0,0,1,0,0,ENDAST_V350
$FBB100,0,0,0,1,0,0,ENDAST_V350
$FBB25A,1,0,0,3,0,0,BADA
$FBB2A4,2,0,0,5,0,0,BADA
$FBB2EA,6,0,0,0,0,0,ENDAST_V161
$FBB34C,1,0,0,0,0,0,ENDAST_V161
$FBB370,1,0,0,1,0,0,BADA
$FBB584,1,0,0,1,0,0,BADA
$FBB5C0,0,0,0,2,0,0,ENDAST_V350
